"Billie Jo Spears","It Makes No Difference Now"
"Jim Lauderdale","Trashcan tomcat"
"The Coal Porters","Pretty Polly"
"LITTLE TEXAS","My Love (Album Version)"
"Slim Whitman","Indian Love Call"
"Bill Haley","Yodel Your Blues Away"
"Martina McBride","I Can't Stop Loving You"
"June Carter Cash","Hold Fast To The Right"
"Charlie Feathers","Frankie & Johnny"
"Dolly Parton","Letter To Heaven"
"Hank Locklin","We're Gonna Go Fishin'"
"Keith Urban","Everybody"
"Jessica Andrews","Helplessly_ Hopelessly"
"Michael Martin Murphey","Utah Carroll"
"Chely Wright","I Got Him Ready For You"
"Hayseed Dixie","Moonshiner's Daughter"
"The Willis Brothers","Give Me 40 Acres (To Turn This Rig Around)"
"Earl Thomas Conley","Fire And Smoke"
"Johnny Cash","Jackson"
"The Greencards","Caleb Meyer"
"Hank Locklin","Filipino Baby"
"Webb Pierce","Wondering"
"Jim Lauderdale","Paint And Glass"
"Conway Twitty","It's Only Make Believe"
"Eddy Arnold","Just A Little Lovin' (Will Go A Long Way)"
"The Derailers","Cryin' Time"
"George Strait","Let's Fall To Pieces Together"
"The Stanley Brothers","Death Is Only a Dream"
"Mary Chapin Carpenter","He Thinks He'll Keep Her"
"Lester Flatt_ Earl Scruggs","Foggy Mountain Breakdown"
"Tanya Tucker","Come On Honey"
"Aaron Tippin","You've Got To Stand For Something"
"John Denver","Calypso"
"Jack Ingram","Talk About"
"Mickey Gilley","True Love Ways"
"Shelby Lynne","Old Times Sake"
"Alison Krauss / Union Station","I Don't Have To Live This Way"
"Eric Church","Love Your Love The Most"
"Willard Grant Conspiracy","Bring The Monster Inside"
"Don Gibson","A Legend In My Time"
"Tanya Tucker","Highway Robbery"
"Billy Joe Shaver","Whiteman's Watermelon"
"Billy Ray Cyrus","Like Nothing Else"
"Wanda Jackson","Did You Miss Me"
"Jerry Reed","When You're Hot_ You're Hot"
"Johnny Cash","I Got Stripes (Live)"
"Kenny Rogers","Reuben James"
"Tammy Wynette","Stand By Your Man"
"Ty Herndon;Stephanie Bentley","Heart Half Empty"
"Bobby Bare","Help Me Make It Through the Night"
"John McEuen","Cripple Creek"
"Porter Wagoner & Dolly Parton","The Right Combination"
"Lonesome Standard Time","Lonesome As It Gets"
"Willie Nelson","Living In The Promiseland"
"Béla Fleck","Punchdrunk"
"Harry McClintock","Goodbye Old Paint"
"Brad Paisley","Bigger Fish To Fry"
"Johnny Cash","Highwayman"
"Chely Wright","Just Another Heartache"
"Johnny Paycheck","The Outlaw's Prayer"
"Dierks Bentley","Little Heartwrecker"
"Hayseed Dixie","Love Gun"
"Toby Keith","Blue Bedroom"
"Flatt And Scruggs","Farewell Blues"
"Hank Snow","The Hobo's Last Ride"
"Mickey Gilley","Window Up Above"
"Kenny Rogers And Dottie West","Every Time Two Fools Collide"
"Webb Pierce","It's Been So Long"
"Cowboy Junkies","Mining For Gold"
"Charlie Rich","Nice 'N' Easy"
"Kris Kristofferson","Darby's Castle"
"Julie Roberts","Unlove Me"
"T.G. Sheppard","Only One You"
"Travis Tritt","What Say You"
"Keith Whitley","It's All Coming Back To Me Now"
"Lester Flatt / Earl Scruggs / The Foggy Mountain Boys","We'll Meet Again Sweetheart"
"Barbara Mandrell","Years"
"Jack Ingram","Barbie Doll"
"Hackensaw Boys","Too Much Time"
"Merle Travis","Sweet Temptation"
"Dwight Yoakam","You're The One"
"Kenny Rogers","The Son Of Hickory Holler's Tramp"
"Taylor Swift","Fearless"
"Tanya Tucker","Walking Shoes"
"Montgomery Gentry","Something To Be Proud Of"
"Randy Travis","On The Other Hand (Remastered Album Version)"
"Buddy Jewell","Sweet Southern Comfort"
"David Allan Coe","You Never Even Called Me By My Name"
"Loretta Lynn","I Can't Feel You Anymore"
"Skeeter Davis","He Says The Same Things To Me"
"Alison Krauss","That Kind Of Love"
"Dan Tyminski","It All Comes Down To You"
"Jimmie Rodgers","Ninety Nine Years Blues"
"Tom T. Hall","The Little Lady Preacher"
"Michael Nesmith","Two Different Roads"
"Sugarland","Take Me As I Am"
"Tex Williams","Smoke! Smoke! Smoke! (That Cigarette)"
"Big & Rich (With Gretchen Wilson And Cowboy Troy)","Our America (Bonus Track)"
"The Charlie Daniels Band","Play Me Some Fiddle"
"George Ducas","Every Time She Passes By"
"Richmond Fontaine","Polaroid"
"Willie Nelson","Forgiven You Was Easy"
"Hank Williams","Jambalaya"
"Ronnie Milsap","Don't You Know How Much I Love You"
"Restless Heart","That Rock Won't Roll"
"Pam Tillis","In Between Dances"
"Pam Tillis","When You Walk In The Room"
"Shania Twain","Raining On Our Love"
"Slim Whitman","Serenade"
"Carl Smith","Hey Joe"
"Alan Jackson","Hard Hat And A Hammer"
"Gillian Welch","Orphan Girl"
"Rascal Flatts","Then I Did"
"Crystal Gayle","Why Have You Left The One You Left For Me"
"Buck Owens","Think Of Me (2006 Remastered LP Version)"
"Taylor Swift","White Horse"
"Johnny Cash","You Tell Me"
"Alan Jackson","Laid Back 'n Low Key"
"Lady Antebellum","Hello World"
"Dave Dudley","Six Days On The Road"
"Toby Keith","American Soldier"
"Asleep At The Wheel","Let Me Go Home Whiskey"
"Jimmy Wyble","No More Blues"
"Pam Tillis","Maybe It Was Memphis"
"Doug Stone","Too Busy Being In Love"
"Bob Wills","Bubbles in My Beer"
"Jim Lauderdale","Don't Blame The Wrong Guy"
"Billy Ray Cyrus","We The People"
"Brooks & Dunn","Days Of Thunder"
"The Del McCoury Band","Gone But Not Forgotten"
"Ronnie Milsap","Why Don't You Spend The Night"
"Hayes Carll","Wild As A Turkey"
"Skeets McDonald","Don't Let The Stars Get In Your Eyes"
"Flatt And Scruggs","Pike County Breakdown"
"Brad Paisley","She's Her Own Woman"
"Charley Pride","Let The Chips Fall"
"Alison Krauss","Wish I Still Had You"
"Mac Davis","Dream Me Home"
"Johnny Cash;June Carter","Give My Love To Rose"
"Connie Smith","I'll Come Running"
"Toby Keith","Who's Your Daddy?"
"Collin Raye","I Can Let Go Now"
"Gretchen Wilson","Work Hard_ Play Harder"
"Hank Thompson","A Broken Heart And A Glass Of Beer"
"Dierks Bentley","Bartenders_ etc..."
"Whiskeytown","Empty Baseball Park"
"Ashton Shepherd","Old Memory"
"Jean Shepard","If You Were Losing Him To Me"
"Jim Reeves","I Guess I'm Crazy"
"The Del McCoury Band","Asheville Turnaround"
"Jim Reeves","I'd Like To Be"
"The Infamous Stringdusters","Not Tonight"
"JERRY WALLACE","You'll Never Know"
"Brooks & Dunn","Heartbroke Out Of My Mind"
"Luke Bryan","What Country Is"
"Gary Allan","Trying To Matter"
"The Louvin Brothers","You're Running Wild"
"Chuck Wicks","If We Loved"
"Lester Flatt and Earl Scruggs","Doin' My Time"
"Moon Mullican","What's The Matter With The Mill"
"The Greencards","Waiting On The Night"
"Charlie Rich","You Don't Know Me"
"Daron Norwood","Little Boy Lost"
"Tracy Byrd","Walkin' In"
"Brooks & Dunn","Why Would I Say Goodbye"
"Kenny Chesney","I Go Back"
"Deana Carter","Make Up Your Mind"
"Johnny Horton","Got The Bull By The Horns"
"Connie Smith","If I Talk To Him"
"Carl Smith","Loose Talk"
"Patsy Cline","I Cried All The Way To The Altar"
"Bellamy Brothers","Let Your Love Flow"
"Terri Clark","Better Than You"
"Jason Aldean","Don't Give Up On Me"
"Mark Wills","That's A Woman"
"John Berry","She's Taken A Shine"
"Chely Wright","Jezebel"
"Johnny Cash","Delia's Gone"
"Skeeter Davis","Am I That Easy To Forget"
"Randy Rogers Band","She's Actin' Single (I'm Drinkin' Doubles)"
"Travis Tritt","Now I've Seen It All"
"Iron Horse","Stairway To Heaven"
"Dolly Parton duet with Ricky Van Shelton","Rockin' Years"
"Taylor Swift","Should've Said No"
"Leroy Van Dyke","If A Woman Answers"
"Emmylou Harris","If I Could Only Win Your Love"
"Eddie Rabbitt","I Wanna Dance With You"
"Skeeter Davis","My Last Date (With You)"
"Hank Thompson","The Wild Side Of Life"
"Kris Kristofferson","Border Lord"
"The Statler Brothers","White Christmas"
"Ty Herndon","A Man Holdin' On (To A Woman Lettin' Go)"
"Kitty Wells","Makin' Believe"
"Tanya Tucker","Love's The Answer"
"Kasey Chambers","Paper Aeroplane"
"Wesley Tuttle","With Tears In My Eyes"
"Dolly Parton","When Jesus Comes Calling For Me"
"Chatham County Line","By the Riverside"
"LITTLE TEXAS","Kick A Little (Album Version)"
"Johnny Cash","There You Go"
"Yonder Mountain String Band","New Horizons"
"Kenny Chesney","The Good Stuff"
"Jim Lauderdale","Looking Elsewhere"
"Red Foley","Old Shep"
"Mark Wills","How Bad Do You Want It"
"Johnny Paycheck","I'm Not Looking Back Anymore"
"Brooks & Dunn","Temptation #9"
"Willie Nelson","Home Is Where You're Happy"
"The Grascals","Where I Come From"
"Taylor Swift","The Way I Loved You"
"Flatt & Scruggs","The Ballad Of Jed Clampett"
"Dolly Parton","It's All Wrong_ But It's All Right"
"Kathy Mattea","Standing Knee Deep In a River (Dying Of Thirst)"
"Jason Aldean","She Loved Me"
"George Morgan","Room Full of Roses"
"Lonestar","Somebody's Someone"
"Dixie Chicks","Lullaby"
"Alan Jackson","Here In The Real World"
"Dolly Parton","Light Of A Clear Blue Morning"
"Roy Acuff","Great Speckle Bird"
"Emilio","Even If I Tried"
"K.T. Oslin","Come Next Monday"
"Bill Monroe and His Bluegrass Boys","No Letter in the Mail"
"Lefty Frizzell","Long Black Veil"
"Flatt & Scruggs","Pearl Pearl Pearl"
"Deryl Dodd","That's How I Got To Memphis"
"Johnny Paycheck","She's All I Got"
"Brenda Lee","I'm Sorry"
"Phil Vassar","This Is My Life"
"Moe Bandy","Rodeo Romeo"
"Don Gibson","Who Cares"
"Kim Stockwood","How Many Miles"
"Kenny Rogers & The First Edition","Ruby_ Don't Take Your Love To Town"
"Stonewall Jackson","Mary Don't You Weep"
"Jim Reeves","Rosa Rio"
"Moe Bandy","Back In The Saddle Again"
"Michael Martin Murphey","Little Joe The Wrangler"
"Eleni Mandell","Don't Touch Me"
"Hank Locklin","Send Me The Pillow You Dream On"
"Willie Nelson with Leon Russell","Heartbreak Hotel"
"Dolly Parton & Kenny Rogers","A Christmas To Remember"
"Don Gibson","Blue Blue Day"
"Uncle Tupelo","Factory Belt"
"Keith Urban","You're The Only One"
"Reno & Smiley (With Carter & Ralph Stanley)","I'm The Talk Of The Town"
"Eli Young Band","Home"
"Dixie Chicks","Hole In My Head"
"Josh Turner","What It Ain't"
"Whiskeytown","Dancing With The Women At The Bar"
"Carrie Rodriguez","Big Kiss"
"Pee Wee King","Slow Poke"
"Patsy Cline","A Poor Man's Roses"
"The Nashville Bluegrass Band","Tell Me Your Love Is Still True"
"Jim White","The Love That Never Fails"
"Hank Williams","A Mansion On The Hill"
"Tanya Tucker","My Arms Stay Open All Night"
"Johnny Bond","Tomorrow Never Comes"
"Dolly Parton and Vince Gill","I Will Always Love You"
"Wynn Stewart","Above And Beyond"
"Lee Ann Womack","The Healing Kind"
"Marty Robbins","Maybellene"
"Johnny Cash","Lonesome To The Bone"
"Slim Whitman","China Doll"
"Trace Adkins","I Came Here To Live"
"Miranda Lambert","Mama_ I'm Alright"
"Lorrie Morgan","Tears On My Pillow"
"Willie Nelson","Healing Hands of Time"
"Billie Jo Spears","What I've Got In Mind"
"Willie Nelson","Following Me Around"
"Waylon Jennings","Amanda"
"Sons Of The Desert","Leaving October"
"Billy Joe Shaver","Freedom's Child"
"Keith Whitley","Living Like There's No Tomorrow (Finally Got To Me Tonight)"
"John Schneider","Them Good Ol' Boys Are Bad"
"George Jones","Who Shot Sam"
"The Del McCoury Band","Hillcrest Drive"
"The Nashville Bluegrass Band","Tear My Stillhouse Down"
"Billy Dean","Only The Wind"
"Jason Aldean","On My Highway"
"Kenny Chesney","Ten With A Two"
"Lee Ann Womack","Solitary Thinkin'"
"Mac Davis","One Hell Of A Woman"
"Carolyn Dawn Johnson","My Little Secret"
"Deana Carter","Angel Without A Prayer"
"Jimmy Wayne","Are You Ever Gonna Love Me?"
"Wade Hayes","On A Good Night"
"John Denver","My Sweet Lady"
"Carl Belew","Am I That Easy To Forget"
"Alison Krauss","Maybe"
"Julie Roberts","The Chance"
"Dierks Bentley","Settle For A Slowdown"
"Ralph Stanley","Look On And Cry"
"The Infamous Stringdusters","Three Days in July"
"Brooks & Dunn","Indian Summer"
"Lucinda Williams","Hard Road"
"Alison Krauss","Baby Now That I Found You"
"Deana Carter","Swinging"
"Kathy Mattea","Maybe She's Human"
"Webb Pierce","In the Jailhouse Now"
"Allison Moorer","Work To Do"
"Tift Merritt","Still Pretending"
"The Original Carter Family","Worried Man Blues"
"Allison Moorer","Hey Jezebel"
"Miranda Lambert","Honky Tonk Blues"
"Alison Krauss / Union Station","Crazy As Me"
"Jack Ingram","How Many Days"
"Richmond Fontaine","The Disappearance Of Ray Norton"
"Willie Nelson","December Day"
"Marty Stuart","Sundown In Nashville"
"Cal Smith","I Just Came Home To Count The Memories"
"Keith Urban","Whenever I Run"
"The Louvin Brothers","She Didn't Even Know I Was Gone"
"Kenny Rogers And Dottie West","'Til I Can Make It On My Own"
"Alabama","Forty Hour Week (For A Livin')"
"Charley Pride","(I'm So) Afraid Of Losing You Again"
"Ray Price","Make The World Go Away"
"Brenda Lee","Ballin' the Jack"
"Mark Chesnutt","A Hard Secret To Keep"
"Jerry Jeff Walker","Hairy Ass Hillbillies"
"Darden Smith","Perfect Moment"
"Patsy Cline","Stop The World And Let Me Off"
"Billy Currington","Time With You"
"Eddie Rabbitt","On Second Thought"
"Ernest Tubb","Soldier's Last Letter"
"Faith Hill","I Want You (Album Version)"
"Larry Sparks","Lazarus and the Rich Man"
"Ricky Van Shelton","I've Cried My Last Tear For You"
"Reba McEntire","The Fear Of Being Alone"
"Jack Ingram","Hey You"
"Tracy Byrd","Walking To Jerusalem"
"Alison Krauss / Union Station","Borderline"
"Ralph Stanley","Distant Land To Roam"
"Dolly Parton & Kenny Rogers","Islands In The Stream"
"Faron Young","It's Four In The Morning"
"Dixie Chicks","Give It Up Or Let Me Go"
"Crooked Still","Distress"
"Loretta Lynn","I'd Rather Have Jesus"
"The Seldom Scene","Highway of Pain"
"Alison Krauss","When You Say Nothing At All"
"Jason Michael Carroll","No Good In Goodbye"
"Roy Acuff","Not A Word From Home"
"Alan Jackson","The Blues Man"
"Corb Lund","Horse Doctor_ Come Quick"
"Clay Davidson","I Can't Lie To Me"
"Tammy Wynette","I Stayed Long Enough"
"Sonny James","I'll Never Find Another You"
"Merle Travis","Sixteen Tons"
"Drag The River","Get Drunk"
"Jim Reeves","May The Good Lord Bless And Keep You"
"Ashton Shepherd","Sounds So Good"
"Gary P. Nunn","What I Like About Texas"
"Shenandoah","Two Dozen Roses"
"Wayne Hancock","Misery"
"Keith Whitley","Somebody's Doin' Me Right"
"Shenandoah","Darned If I Don't (Danged If I Do)"
"Jimmy Dean","Big Bad John"
"Chris Knight","Blame Me"
"Mindy McCready","Guys Do It All The Time"
"Shania Twain","Two Hearts One Love"
"The Flying Burrito Brothers","Hippie Boy"
"Mindy McCready","You'll Never Know"
"The Country Gentlemen","Grandfather's Clock"
"Lyle Lovett","My Baby Don't Tolerate"
"Rosanne Cash","List Of Burdens"
"Martina McBride","God's Will"
"Randy Travis","Forever And Ever_ Amen (Remastered Album Version)"
"The Louvin Brothers","Last Chance To Pray"
"Ricky Skaggs & Tony Rice","Talk About Suffering"
"BlackHawk","Every Once In A While"
"The Del McCoury Band","She Can't Burn Me Now"
"Stonewall Jackson","Why I'm Walkin'"
"Faron Young","The Comeback"
"Country Gentlemen","Coal_ Black Gold"
"Rhett Akins","Somebody Knew"
"Tom T. Hall","I Care"
"Martina McBride","Thanks A Lot"
"Allison Moorer","Send Down An Angel"
"Lonesome River Band","Harvest Time"
"Bobby Bare","Alimony"
"Country Gentlemen","The In Crowd"
"Trisha Yearwood","Try Me"
"Toby Keith","That's Not How It Is"
"Rhonda Vincent","I Can Make Him Whisper I Love You"
"The Charlie Daniels Band","Ain't No Ramblers Anymore"
"Tanya Tucker","You Don't Do It"
"Faron Young","If You Ain't Lovin'"
"Webb Pierce","Slowly"
"Mindy McCready","Breakin' It"
"Charley Pride","Help Me Make It Through the Night"
"Dolly Parton","I'm Thinking Tonight Of My Blue Eyes"
"Cross Canadian Ragweed","Cold Hearted Woman"
"The Randy Rogers Band","Before I Believe It's True"
"Waylon Malloy Payne","Lewis Boogie"
"Roy Drusky","Three Hearts In A Tangle"
"Johnny Cash","A Boy Named Sue"
"Aaron Watson","Whiskey on the Fire"
"David Ball","Missing Her Blues"
"Doug Stone","Addicted To A Dollar"
"Willie Nelson","Bloody Mary Morning"
"Ned Miller","From a Jack To a King"
"Brooks & Dunn","She Used To Be Mine"
"Ricky Skaggs","Don't Cheat In Our Hometown"
"Ernest Tubb","Warm Red Wine"
"Alabama","Tar Top"
"The Jayhawks","Real Light"
"Flatt & Scruggs","So Happy I'll Be"
"Alabama","Love In The First Degree"
"Bobby Bare","For The Good Times"
"Tracy Byrd","Just Let Me Be In Love"
"Willie Nelson","On The Sunny Side Of The Street"
"Alison Krauss","Longest Highway"
"Ray Wylie Hubbard","Down Home Country Blues"
"Brenda Lee","Everybody Loves Me But You"
"Johnny Cash","Next In Line"
"Hayseed Dixie","Touch Too Much"
"Hank Williams","Hey Good Lookin'"
"The Charlie Daniels Band","Sweetwater Texas"
"Billie Jo Spears","Misty Blue"
"Brooks & Dunn","Rock My World"
"Carlene Carter","I've Always Been Crazy"
"Willie Nelson","He Was A Friend Of Mine"
"Danny Barnes","Big Girl Blues"
"Hank Locklin","Why Baby Why"
"Clint Black With Wynonna","A Bad Goodbye"
"Vince Gill","Everybody's Sweetheart"
"Tom T. Hall","Fox On The Run"
"Tanya Tucker","Texas (When I Die)"
"Martina McBride","Heart Trouble"
"Tanya Tucker","Love Will"
"Doug Supernaw","Mesquite Cowboy Mind"
"The Derailers","Whatever Made You Change Your Mind"
"Bob Willis","Sugar Blues"
"Deryl Dodd","She'll Have You Back"
"Jimmie Dale Gilmore","My Mind's Got a Mind of its Own"
"Charley Pride","Burgers And Fries"
"Jerry Douglas with The Brother Boys","Pearlie Mae"
"Willie Nelson","I Feel Sorry For Him"
"Martina McBride","Anything's Better Than Feelin' The Blues"
"Jim Reeves","Jingle Bells"
"Connie Smith","Just One Time"
"Aaron Tippin","There Ain't Nothin' Wrong With The Radio"
"Roger Miller","My Pillow"
"Hank Williams","I Saw the Light"
"Gene Autry","Blueberry Hill"
"Kathy Mattea","Eighteen Wheels And A Dozen Roses"
"Lefty Frizzell","Shine_ Shave_ Shower (It's Saturday)"
"Martina McBride","Pick Me Up On Your Way Down"
"Alison Krauss / Union Station","Choctaw Hayride"
"Jim Reeves","My Lips Are Sealed"
"Loretta Lynn / Dolly Parton / Tammy Wynette","Silver Threads And Golden Needles"
"Don Williams","(Turn Out The Light And) Love Me Tonight"
"Billie Jo Spears","'57 Chevrolet"
"Johnny Horton","The Battle Of New Orleans"
"Waylon Jennings","Are You Ready For The Country"
"Kelly Willis","Heaven's Just A Sin Away"
"T. Graham Brown","Wine Into Water"
"RODNEY CROWELL","I Know Love Is All I Need"
"Wanda Jackson","Right Or Wrong"
"Asleep At The Wheel","Hot Rod Lincoln"
"Tex Ritter","Cattle Call"
"Dottie West","Country Girl"
"Sara Evans","Feel It Comin' On"
"The Derailers","Leave A Message_ Juanita"
"Roger Creager","The Everclear Song"
"Eddy Arnold","What's He Doin' In My World"
"Steve Wariner","Hands Of Time"
"Johnny Cash","One Piece At A Time"
"The Bellamy Brothers","Lovers Live Longer"
"Bellamy Brothers","Do You Love As Good As You Look"
"Gene Watson","Should I Come Home (Or Should I Go Crazy)"
"Willie Nelson","A Little Unfair"
"Josh Turner","Softly And Tenderly"
"Railroad Earth","Drag Him Down"
"Collin Raye","Little Rock"
"Jamie O'Neal / Mark Wills","I'm Not Gonna Do Anything Without You"
"Roy Rogers","The Yellow Rose Of Texas"
"Toby Keith","Wish I Didn't Know Now"
"Bob Wills","Playboy Theme"
"The Highwaymen","Here Comes That Rainbow Again"
"Collin Raye","If I Were You"
"Roger Miller","Husbands And Wives"
"New Grass Revival","Walk In Jerusalem"
"Clay Davidson","My Best Friend And Me"
"Jim White","10 Miles To Go On A 9 Mile Road"
"Chely Wright","Listenin' To The Radio"
"Merle Haggard And The Strangers","Branded Man"
"The Mavericks","There Goes My Heart"
"RODNEY CROWELL","She's Crazy For Leaving"
"Keith Whitley","A Hard Act To Follow"
"Waylon Jennings","Crying"
"Alison Krauss / Union Station","Daylight"
"Shooter Jennings","The Letter"
"The Stanley Brothers","Train 45"
"Little Big Town","You're Gonna Love Me"
"Billy Joe Shaver","You Asked Me To"
"Travis Tritt","Best Of Intentions (2006 Remastered LP Version)"
"Montgomery Gentry","She Couldn't Change Me"
"Easton Corbin","Leavin' A Lonely Town"
"Phil Vassar","Like I Never Loved Before"
"Terri Clark","Cure For The Common Heartache"
"Joe Diffie","Ships That Don't Come In"
"HOLLY DUNN","You Really Had Me Going"
"The Highwaymen","The Road Goes On Forever"
"Ned Miller","From A Jack To A King"
"The Handsome Family","The Sad Milkman"
"Cory Branan","Skateland South"
"Cledus T. Judd","If Shania Was Mine"
"The Seldom Scene","She's More To Be Pitied"
"Kenny Rogers","Water & Bridges"
"Alabama","Small Stuff"
"Gene Watson","Bedroom Ballad"
"Hank Locklin","Let Me Be the One"
"Ernest Tubb","Drivin' Nails In My Coffin"
"Gary Allan","As Long As You're Looking Back"
"Pam Tillis","Let That Pony Run"
"Jimmie Rodgers","Blue Yodel No. 9 (Standin' On The Corner)"
"Travis Tritt","If You're Gonna Straighten Up (Brother Now's The Time)"
"Pat Green","Threadbare Gypsy Soul"
"Bob Willis","Ida Red"
"Guy Clark","Good Hearted Woman"
"Eddy Arnold","Molly Darling"
"Toby Keith","Should've Been A Cowboy"
"Hank Snow","Miller's Cave"
"Willie Nelson","Good Hearted Woman"
"Kellie Pickler","One Last Time"
"Asleep At The Wheel","The Letter That Johnny Walker Read"
"Crystal Gayle","Come Home Daddy"
"Tom T. Hall","Tulsa Telephone Book"
"Dolly Parton","Touch Your Woman"
"Patsy Cline","Ain't No Wheels On This Ship"
"Tony Rice","Lost Indian"
"Mindy McCready","Ten Thousand Angels"
"Brad Paisley","Pre-Cluster Cluster Pluck Prequel"
"Austin Lounge Lizards","Neighbor of the Beast"
"T.G. Sheppard","Finally"
"Tex Ritter","High Noon"
"Porter Wagoner","A Satisfied Mind"
"Alison Krauss / Union Station","Lose Again"
"Alan Jackson","What A Friend We Have In Jesus"
"Kenny Rogers","The King of Oak Street"
"Slim Cessna's Auto Club","This Is How We Do Things In The Country"
"Iris Dement","Sweet Hour Of Prayer"
"Charley Pride","Crystal Chandeliers"
"Porter Wagoner","Carroll County accident"
"Patsy Cline","Too Many Secrets"
"Carrie Rodriguez","Dirty Leather"
"Connie Smith","The Hurtin's All Over"
"Kenny Rogers","Coward Of The County"
"Hank Williams","I Won't Be Home No More"
"Kenny Rogers","I Just Want To Give My Love To You"
"Slim Whitman","It's A Small World"
"Merle Haggard","Kern River"
"Merle Travis","Will The Circle Be Unbroken"
"Eddy Arnold","Just Call Me Lonesome"
"Johnny Horton","North To Alaska"
"Barbara Fairchild","Kid Stuff"
"Brad Paisley","Part Two"
"The Mavericks","Rancho Grande"
"George Ducas","Only In My Dreams"
"Ronnie Milsap","Daydreams About Night Things"
"Skeets McDonald","Don't Let the Stars Get in Your Eyes"
"The Del McCoury Band","I'm Afraid I Forgot the Feeling"
"Jason Aldean","I'm Just A Man"
"Martina McBride","Ride"
"Ronnie Milsap","Let's Take The Long Way Around The World"
"The Greencards","here You Are"
"Bruce Robison","Angry All The Time"
"Robert Earl Keen","Snowin' On Raton"
"Alabama","We Can't Love Like This Anymore"
"Tim O'brien","Ireland's Green Shore (Instrumental)"
"Patty Loveless","I Wanna Believe"
"Lonesome Standard Time","Bream"
"Eddy Raven","Bayou Boys"
"Tom Petty","You're Gonna Change (Or I'm Gonna Leave)"
"Shooter Jennings","Lonesome Blues"
"Rhonda Vincent","When I Close My Eyes"
"Keith Anderson","Wrap Around"
"Toby Keith","Dream Walkin'"
"Ferlin Husky","Phantom 309"
"Dixie Chicks","A Home"
"John Denver","It's Up To You"
"The Avett Brothers","Swept Away (Sentimental Version)"
"Dolly Parton","Just Because I'm A Woman"
"Merle Travis","Divorce Me C.O.D."
"Ricochet","Daddy's Money"
"Alison Krauss / Union Station","As Lovely As You"
"Rosanne Cash","Seven Year Ache"
"Buck Owens","Right After The Dance"
"Willie Nelson","Pick Up The Tempo"
"Billy Joe Shaver","Try and Try Again"
"Lucinda Williams","Blue"
"Vince Gill","This Old Guitar And Me"
"Allison Moorer","Abalone Sky"
"Connie Smith","Once A Day"
"Kathleen Edwards","Oh Canada"
"Tom T. Hall","Old Five And Dimers Like Me"
"The Cox Family","I Am Weary (Let Me Rest)"
"Porter Wagoner","Green Green Grass Of Home"
"Jimmy Wakely","I Love You So Much It Hurts"
"Kenny Rogers","Love The World Away (1980)"
"Ronee Blakley","Dues"
"Ronnie Milsap","Where Do The Nights Go"
"Charley Pride","My Eyes Can Only See as Far as You"
"Keith Whitley","Pick Me Up On Your Way Down"
"Connie Smith","How Great Thou Art"
"The Stanley Brothers","I Love No One But You"
"Keith Whitley","Hard Livin'"
"The Highwaymen","Everyone Gets Crazy"
"Gary P. Nunn","Take the A-O Train (Instrumental)"
"Chris Cagle","The Love Between A Woman And A Man"
"Jack Greene","There Goes My Everything"
"Aaron Tippin","Ain't That A Hell Of A Note"
"Josh Turner","Lovin' You On My Mind"
"Ronnie Milsap","(There's) No Gettin' Over Me"
"Rhonda Vincent","Eighth Of January"
"George Jones / Tammy Wynette","They're Playing Our Song"
"Faron Young","Here Comes My Baby Back Again"
"Lefty Frizzell","I'll Try"
"Two Dollar Pistols","Honky Tonkitis"
"Miranda Lambert","Getting Ready"
"Larry Sparks","Follow The Star"
"Johnny Horton","When It's Springtime In Alaska"
"Kitty Wells","It Wasn't God Who Made Honky Tonk Angels"
"Shenandoah","Sunday In The South"
"Laura Cantrell","The Way It Is"
"Blue Highway","Life Without You"
"Uncle Tupelo","The Long Cut"
"Easton Corbin","Roll With It"
"Deana Carter","Getting Over You"
"John Denver","It Amazes Me"
"Willie Nelson and Leon Russell","Sioux City Sue"
"Earl Thomas Conley","Angel In Disguise"
"Alan Jackson","When We All Get To Heaven"
"Brooks & Dunn","My Heart Is Lost To You"
"Shania Twain","Love Gets Me Every Time"
"Hayseed Dixie","Blind Beggar Breakdown"
"Brooks & Dunn","Every River"
"Asleep At The Wheel","Last Meal"
"Hank Thompson","Humpty Dumpty Heart"
"June Carter Cash","Song To John"
"The Wreckers","Tennessee (Album Version)"
"Rhonda Vincent","Hit Parade Of Love"
"Leon Russell","He'll Have to Go"
"Merle Haggard & George Jones","Silver Eagle"
"Buck Owens","House down the block"
"Aaron Tippin","That's What Happens When I Hold You"
"Porter Wagoner","Misery Loves Company"
"Gary P. Nunn","Corona Con Lima"
"Jim Lauderdale","Honky Tonk Haze"
"Lefty Frizzell","I Love You A Thousand Ways"
"Chris Young","The Dashboard"
"Mindy McCready","What If I Do"
"Don Williams","I Believe In You"
"Rosanne Cash","707"
"Chris Knight","Carla Came Home"
"Cross Canadian Ragweed","Walls Of Huntsville"
"The Country Gentlemen","Roving Gambler"
"John Denver","I Want To Live"
"Holly Williams","Memory Of Me"
"Willie Nelson","Funny How Time Slips Away"
"Johnny Bond","All I Can Do Is Cry"
"Shania Twain","C'est La Vie"
"Mindy McCready","Oh Romeo"
"Charlie Feathers","We're Getting Closer To Being Apart"
"Rosanne Cash","Tennessee Flat Top Box"
"Hot Rize","Colleen Malone"
"Andy Griggs","Custom Made"
"Hank Snow","The Rhumba Boogie"
"Billy Joe Shaver","Manual Labor"
"Billy Walker","Cross The Brazos At Waco"
"Dolly Parton","Applejack"
"Bobby Darin","Blowin' In The Wind"
"Sandy Posey","Born A Woman"
"Rich O'Toole","Just My Luck"
"The Wreckers","Lay Me Down (Album Version)"
"Sugarland","Just Might (Make Me Believe)"
"Brad Paisley","Time Warp"
"Craig Morgan","That's Why"
"Johnny Cash","City Jail"
"Dave Alvin","Tramps and Hawkers"
"Montgomery Gentry","Trouble Is"
"John Denver","Wild Montana Skies"
"Alabama","Close Enough To Perfect"
"Ryan Adams","Easy Plateau"
"Whiskeytown","Everything I Do"
"Old 97's","Designs On You"
"The Mavericks","Dream River"
"Dolly Parton","Highlight Of My Life"
"Shelby Lynne","I Won't Die Alone"
"Johnny Cash","The Time of the Preacher"
"Kim Richey","99 Floors"
"Ricky Van Shelton","Living Proof"
"Jake Owen","Cherry On Top"
"Lee Greenwood","Dixie Road"
"Johnny Cash","Song Of The Patriot"
"Chuck Wicks","All I Ever Wanted"
"Max Stalling","Bass Run"
"Del McCoury","A Beautiful Life"
"The Charlie Daniels Band","Juanita"
"Lucinda Williams","Words Fell"
"Marty Robbins","Bouquet Of Roses"
"The Wreckers","My_ Oh My (Album Version)"
"Lacy J. Dalton","16th Avenue"
"Gretchen Wilson","When It Rains"
"Bobby Bare","For the Good Times"
"Donna Fargo","I'll Try A Little Bit Harder"
"Bill Anderson","I Can't Wait Any Longer"
"John Michael Montgomery","Dream On Texas Ladies"
"Neko Case","If You Knew"
"Ricky Van Shelton","Just As I Am"
"Kenny Chesney","Keg In The Closet"
"Claire Lynch","If Wishes Were Horses"
"Carter Family","No Telephone In Heaven"
"Tift Merritt","I'll Be Home For Christmas"
"Restless Heart","We Got The Love"
"The Flying Burrito Brothers","All Alone"
"Pam Tillis","I Said A Prayer"
"Patty Loveless","I Miss Who I Was (With You)"
"Hayseed Dixie","Dirty Deeds Done Dirt Cheap"
"Rhonda Vincent","Caught In The Crossfire"
"Shooter Jennings","It Ain't Easy"
"Faith Hill","Like We Never Loved At All (Album Version)"
"Gary P. Nunn","Come and Get It (While It's Hot)"
"Gene Watson","SHE HAD ME"
"DAN SEALS","Love On Arrival"
"Ralph Stanley","Girl From The Greenbriar Shore"
"John Michael Montgomery","I Love The Way You Love Me"
"Rosanne Cash","I'm Movin' On"
"Gary Allan","Adobe Walls"
"Phil Vassar","Baby_ You're Right"
"Vince Gill","Never Knew Lonely"
"The Louvin Brothers","The Kneeling Drunkard's Plea"
"Kenny Rogers","Ticket to Nowhere"
"Kathleen Edwards","Goodnight_ California"
"Leon Redbone","2:19 Blues (mamie's Blues)"
"Tim O'brien","Lost Little Children"
"Jimmie Dale Gilmore","After Awhile"
"David Ball","Faded Love"
"Johnny Horton","All Grown Up"
"Tift Merritt","Sunday"
"Travis Tritt","T-R-O-U-B-L-E (Remastered LP Version)"
"Eddy Arnold","It's A Sin"
"Donna Fargo","Don't Be Angry"
"Billy Joe Royal","Rose Garden"
"Brooks & Dunn","A Few Good Rides Away"
"Dolly Parton","You're The Only One"
"Steve Earle","The Revolution Starts Now"
"Jason Ringenberg","Rainbow Stew"
"Moon Mullican","New Pretty Blonde (New Jole Blon)"
"Ronnie Milsap","Smokey Mountain Rain"
"Blue Highway","Quarter Moon"
"David Allan Coe","Just To Prove My Love For You"
"Lyle Lovett","The Truck Song"
"Gene Watson","ROSE IN THE SAND"
"Jesse Dayton","Jesus Pick Me Up"
"Collin Raye","A Bible And A Bus Ticket Home"
"Sammy Kershaw","Meant To Be"
"Keith Whitley","Turn Me To Love"
"Alison Brown","Shoot the Dog"
"Jim Reeves","Dear Hearts And Gentle People"
"Johnny Cash","Folsom Prison Blues"
"Lyle Lovett","She's Leaving Me Because She Really Wants To"
"Glen Campbell","By The Time I Get To Phoenix"
"Hank Snow","Yellow Roses"
"Iron Horse","Ramble On"
"Lee Roy Parnell","That's All There Is"
"The Highwaymen","The Gypsy Rover"
"The Gourds","I Like Drinking"
"Ronnie Milsap","She Keeps The Home Fires Burning"
"Ricky Skaggs","Love Can't Ever Get Better Than This"
"Johnny Cash","The Big Battle"
"Béla Fleck","Spring Thaw"
"Miranda Lambert","Love Letters"
"Shania Twain","You're Still The One"
"Bellamy Brothers","You're My Favorite Star"
"Lefty Frizzell","Look What Thoughts Will do"
"Jim Reeves","Give Me One More Kiss"
"Patty Loveless","The Boys Are Back In Town"
"Dottie West","Country Sunshine"
"New Grass Revival","Hold To A Dream"
"Eddy Arnold","I'll Hold You In My Heart"
"Johnny Cash","The Beast In Me"
"Whiskeytown","Turn Around"
"The Coal Porters","Fair Play_ Virginia"
"The Ozark Mountain Daredevils","Where Are We"
"Bruce Robison","I Dream Too"
"Beth Nielsen Chapman","The Path Of Love"
"Eddy Arnold","Kentucky Waltz"
"Craig Morgan","Sticks"
"Brad Paisley","Back To The Future"
"Billy Dean","Billy The Kid"
"k.d. lang","Luck In My Eyes (Remixed Version)"
"Bellamy Brothers","Hillbilly Hell"
"Cledus T. Judd","Just Another Day In Parodies"
"Brad Paisley","All I Wanted Was A Car"
"Johnny Bond","Ten Years"
"Zac Brown Band","Whatever It Is (Album)"
"The Gourds","Bugs"
"Warner mack","Talkin' To The Wall"
"Lorrie Morgan","My Favorite Things"
"Suzy Bogguss","Under The Gun"
"Charley Pride","Amazing Love"
"Alan Jackson","Walkin' The Floor Over Me"
"Willie Nelson","Look What Thoughts Will Do"
"Johnny Lee","This Time"
"Marty Robbins","The Master's Call"
"Spade Cooley","Shame On You"
"Mac Davis","Something's Burning"
"Yonder Mountain String Band","I Ain't Been Myself In Years"
"Gary Stewart","Out Of Hand"
"Two Cow Garage","Found"
"Taylor Swift","The Outside"
"Kathy Mattea","Angels We Have Heard On High"
"Sarah Johns","When Do I Get To Be A Woman"
"Tracy Byrd","Watermelon Crawl"
"Rich O'Toole","Robert E. Lee"
"Johnny Horton","I Don't Like I Did (Before)"
"Béla Fleck","The Legend"
"Martina McBride","Tryin' To Find A Reason"
"Railroad Earth","Peace On Earth"
"Tanya Tucker","The Jamestown Ferry"
"Gary Allan","Don't Tell Mama"
"Lee Ann Womack","You've Got To Talk To Me"
"Brooks & Dunn","Boot Scootin' Boogie"
"Alison Krauss / Union Station","The Road Is A Lover"
"Gene Autry","Frosty the Snowman"
"Old Crow Medicine Show","Take 'Em Away"
"Willie Nelson","All Of Me"
"Sam Bush","Big Mon"
"Cory Morrow","Texas Time Travelin'"
"Mindy McCready","Over and Over"
"Waylon Jennings","Lorena"
"Charlie Feathers","The Man In Love"
"Guy Clark","Wrong Side of the Tracks"
"Terri Clark","Life Goes On"
"Carolyn Dawn Johnson","Dress Rehearsal"
"Frankie Laine","Rain Rain Rain"
"Joaquin Phoenix","Home Of The Blues"
"Lonestar","Crazy Nights"
"Lester Flatt / Earl Scruggs / The Foggy Mountain Boys","Take Me In A Lifeboat"
"IIIRD Tyme Out","New Faces In The Field"
"Janie Fricke","Easy to Please"
"Ryan Bingham","Day Is Done"
"Marty Robbins","My Isle Of Golden Dreams"
"Josh Turner","Long Black Train"
"Carl Belew","Little Miss Heartache"
"Toby Keith","Bottom Of My Heart"
"Connie Smith","Nobody But A Fool (Would Love You)"
"The Avett Brothers","Wanted Man"
"Claire Lynch","Hitchcock Railway"
"Johnny Cash","I Got Stripes"
"The Mavericks","Fool #1"
"Kim Richey","Gravity"
"Joe Ely","Cool Rockin' Loretta"
"Jeanne Pruett","Satin Sheets"
"Kris Kristofferson","From The Bottle To The Bottom"
"James McMurtry","We Can't Make It Here"
"Jim Lauderdale","It's So Different"
"Donna Fargo","Hello Little Bluebird"
"Willie Nelson","You'll Always Have Someone"
"Bill Monroe","Footprints In The Snow"
"Mary Chapin Carpenter","Why Shouldn't We"
"Alison Krauss / Union Station","But You Know I Love You"
"Marty Robbins","I Couldn't keep From Crying"
"The Derailers","The Way To My Heart"
"Robert Earl Keen","Five Pound Bass"
"Gary P. Nunn","London Homesick Blues (Home With the Armadillo)"
"Ryan Bingham","Bluebird"
"Hackensaw Boys","F.D.R."
"Hackensaw Boys","Hobo"
"Jason Aldean","I Break Everything I Touch"
"Jim Lauderdale","You'll Know When It's Right"
"Hank Locklin","Geisha Girl"
"Hayseed Dixie","Cold Gin"
"Restless Heart","When She Cries"
"RODNEY CROWELL","Ridin' Out The Storm"
"Gary P. Nunn","Uncle Bud"
"Béla Fleck","Snakes Alive"
"Dolly Parton","Potential New Boyfriend"
"Keith Urban","Your Everything"
"Johnny Cash","The Ways Of A Woman In Love"
"David Houston","We'll Sing In The Sunshine"
"Dolly Parton","Old Flames Can't Hold A Candle To You"
"Jim Ed Brown","Pop A Top"
"Ronnie Milsap","He Got You"
"Brad Paisley","You Do The Math"
"The Louvin Brothers","My Baby Came Back"
"Kenny Rogers","Crazy"
"The Nashville Bluegrass Band","There's a Better Way"
"Dale Watson","Why Oh Why Live A Lie"
"Dillard & Clark","Rocky Top"
"Keith Urban","You're My Better Half"
"Dolly Parton","Jolene"
"Joe Nichols","Joe's Place"
"Kenny Chesney","Young"
"Janie Fricke","Down To My Last Broken Heart"
"Yonder Mountain String Band","If There's Still Ramblin' In The Rambler (Let Him Go)"
"Hayseed Dixie","Highway to Hell"
"Ty Herndon","Loved Too Much"
"The Bluegrass Cardinals","Just a Little Talk With Jesus"
"Janie Fricke","She's Single Again"
"Bobby Bare","Me and Bobby McGee"
"Jack Ingram","You Never Leave"
"Shelby Lynne","I Don't Think So"
"Aaron Tippin","The Sky's Got The Blues"
"Raul Malo","Ya Tu Veras"
"Kenny Rogers","Desperado"
"Doug Stone","I Never Knew Love"
"Waylon Jennings","I Ain't Living Long Like This"
"The Louvin Brothers","Robe of White"
"Dave Dudley","Last Day In The Mines"
"Alison Krauss","Ghost In This House"
"Chely Wright","Single White Female"
"Alan Jackson","Where Were You (When The World Stopped Turning)"
"The Charlie Daniels Band","The Legend Of Wooley Swamp"
"Keith Urban","It's A Love Thing"
"Béla Fleck","The Natural Bridge Suite"
"Diamond Rio","We All Fall Down"
"Joe Diffie","Third Rock from the Sun"
"Lucinda Williams","Car Wheels On A Gravel Road"
"Lefty Frizzell","How Long Will It Take (To Stop Loving You)"
"Tracy Byrd","For Me It's You"
"Donna Fargo","Jingle Bells"
"Laura Cantrell","The Whiskey Makes You Sweeter"
"Vince Gill","Someday"
"Dolly Parton","Here You Come Again"
"Faron Young","Goin' Steady"
"Luke Bryan","I Did It Again"
"Roger Creager","Mother's A Redneck_ Too"
"Holly Williams / Chris Janson","A Love I Think Will Last"
"Bobby Helms","My Special Angel"
"Gary Allan","Runaway"
"Willie Nelson","Graceland"
"Dolly Parton","Starting Over Again"
"Travis Tritt","It's A Great Day To Be Alive (2006 Remastered LP Version)"
"Chris Thile","The Eleventh Reel"
"Chely Wright","It Was"
"Conway Twitty","What Am I Living For"
"Sam Bush","Same Ol' River"
"Gary P. Nunn","The Old Rocking Chair"
"Ty Herndon","Somewhere A Lover"
"Webb Pierce","In the Jailhouse now"
"Lucinda Williams","Those Three Days"
"Johnny Cash","Trail To Mexico (Mexican Institute Of Sound Remix)"
"Webb Pierce","Missing You"
"Ashton Shepherd","How Big Are Angel Wings"
"Kris Kristofferson","Nobody Wins"
"Merle Haggard","Love Keeps Hanging On"
"The Little Willies","Best Of All Possible Worlds"
"Craig Morgan","Nothin' Goin Wrong Around Here"
"Sugarland","Something More"
"Cross Canadian Ragweed","Lawrence"
"Martina McBride","In My Daughter's Eyes"
"Jerry Jeff Walker","Song For The Life"
"HOLLY DUNN","Only When I Love"
"Marty Robbins","I'll Go On Alone"
"Adolph Hofner","Alamo Rag"
"Tracy Lawrence","I Threw The Rest Away"
"Robbie Fulks","Cigarette State"
"Alison Krauss / Union Station","Deeper Than Crying"
"Gary Allan","I Don't Look Back"
"Rick Trevino","City Lights"
"Martina McBride","She's A Butterfly"
"Big & Rich","I Pray For You (Album Version)"
"Faith Hill","Fireflies (Album Version)"
"Trisha Yearwood","The Nightingale"
"Jewel","Perfectly Clear"
"Darryl Worley","I Wouldn't Mind The Shackles"
"Porter Wagoner & Dolly Parton","Say Forever You'll Be Mine"
"Ronnie Milsap","In Love"
"Lorrie Morgan","I Didn't Know My Own Strength"
"Joe Ely","Dallas"
"Lester Flatt / Earl Scruggs / The Foggy Mountain Boys","My Cabin In Caroline"
"Johnny Cash","A Little At A Time"
"Chris Cagle","Chicks Dig It"
"Carl Smith","(When You Feel Like You're In Love)Don't Just Stand There"
"Eddy Arnold","Anytime"
"Tony Rice","Girl From The North Country"
"Floyd Tillman","I Love You So Much It Hurts"
"Dolly Parton","The Wrong Direction Home"
"Jody Miller","Darling_ You Can Always Come Back Home"
"Anne Murray","Danny's Song"
"Tracy Byrd","Pink Flamingos"
"Alan Jackson duet with Keith Whitley","There's A New Kid In Town"
"Billie Jo Spears","Here You Come Again"
"Kris Kristofferson","Stranger"
"Dolly Parton","All I Can Do"
"Del Reeves","Girl On The Billboard"
"Justin Rutledge","Special"
"Marty Stuart","Kiss Me_ I'm Gone"
"Brad Paisley","The Uncloudy Day"
"Patty Loveless","What's A Broken Heart"
"Alison Krauss / Union Station","New Fool"
"Lacy J. Dalton","Takin' It Easy"
"The Louvin Brothers","How's The World Treating You"
"Joy Lynn White","Those Shoes"
"Jimmy Wakely","I Love You So Much it Hurts"
"Lonestar","What I Miss The Most"
"Tony Rice","Tipper"
"LeAnn Rimes","Fight"
"Charley Pride","Then Who Am I"
"Charles River Valley Boys","And Your Bird Can Sing (LP Version)"
"Ronnie Milsap","Smoky Mountain Rain"
"Johnny Paycheck","I Feel Like Crying"
"Al Dexter","Pistol Packin' Mama"
"Asleep At The Wheel","Roly Poly"
"Ronnie Milsap","Houston Solution"
"Jim Ed Brown & The Browns","Morning"
"Alison Krauss / Union Station","Find My Way Back To My Heart"
"Shelby Lynne","Thinking About You Again"
"Alison Brown","Hello Mendocino!"
"Patsy Cline","That Wonderful Someone"
"Billy Joe Shaver","You Just Can't Beat Jesus Christ"
"George Ducas","The Invisible Man"
"Jean Shepard","Beautiful Lies"
"Alan Jackson","Dallas"
"Eric Church","Can't Take It With You"
"Brad Paisley;Dolly Parton","When I Get Where I'm Going"
"Hayseed Dixie","Hell's Bells"
"Don Gibson","Oh Lonesome Me"
"Deborah Allen","Baby I Lied"
"Hayseed Dixie","You've Got Me All Wrong Baby"
"The Flying Burrito Brothers","Hot Burrito #1"
"Trace Adkins","Southern Hallelujah"
"Terri Clark","Sometimes Goodbye"
"Jerry Reed","She Got The Goldmine (I Got The Shaft)"
"Trisha Yearwood","It's Alright"
"Ernest Tubb","Walking The Floor Over You"
"Nickel Creek","Speak"
"Clint Black","You're Gonna Leave Me Again"
"Rascal Flatts","Fast Cars And Freedom"
"Hank Snow","The Golden Rocket"
"Blue Rodeo","The Ballad of The Dime Store Greaser and The Blonde Mona Lisa"
"Bellamy Brothers","Satin Sheets"
"Jack Ingram","That's A Man"
"Jerry Jeff Walker","Don't It Make You Wanna Dance?"
"Blue Highway","The Seventh Angel"
"The Little Willies","Streets Of Baltimore"
"The Louvin Brothers","Blue From Now On"
"Barbara Fairchild","Cheatin' Is"
"Blake Shelton","Don't Make Me (Album Version)"
"Alison Krauss","The Three Bells"
"Pam Tillis","Shake The Sugar Tree"
"Darryl Worley","Best Of Both Worlds"
"Roger Creager","Long Way To Mexico"
"Bill Monroe","In the Pines"
"Travis Tritt","Time To Get Crazy"
"Ernest Tubb","(Remember Me) I'm The One Who Loves You"
"Alan Jackson","Amarillo"
"The Carter Family","Carter's Blues"
"Shooter Jennings","Daddy's Farm"
"The Sons Of The West","Sally's Got A Wooden Leg"
"Aaron Lines","Cheaper To Keep Her"
"Merle Haggard","That's All Right (Mama)"
"Tanya Tucker","Tell Me About It"
"Emmylou Harris","A Love That Will Never Grow Old"
"Hayseed Dixie","I'm Keeping Your Poop"
"Nickel Creek","Best Of Luck"
"Tracy Byrd","Take Me With You When You Go"
"Cowboy Junkies","Postcard Blues"
"Rascal Flatts","Life Is A Highway"
"Billy Currington","Walk A Little Straighter"
"Lucinda Williams","Essence"
"Sierra Hull","Secrets"
"Don Williams","'Till The Rivers All Run Dry"
"Kris Kristofferson","Duvalier's Dream"
"Faron Young","All Right"
"James McMurtry","Late Norther"
"Nickel Creek","Seven Wonders"
"Miranda Lambert","Gunpowder & Lead"
"The Notorious Cherry Bombs","Wait A Minute"
"The Be Good Tanyas","What Are They Doing In Heaven Today"
"Gary Allan","Promise Broken"
"Ronnie Milsap","Nobody Likes Sad Songs"
"Robert Earl Keen","Shades Of Gray"
"Kim Richey","Keys"
"Béla Fleck","Another Morning"
"Willie Nelson","Angel Flying Too Close To The Ground"
"Kenny Rogers","Trying just as hard"
"Austin Lounge Lizards","The Tower"
"The Stanley Brothers / The Clinch Mountain Boys","Just A Little Talk With Jesus"
"Hoyt Axton","Della And The Dealer"
"Joe Diffie","If You Want Me To"
"Deana Carter","Strawberry Wine"
"Tommy Collins","You Better Not Do That"
"Gretchen Wilson","Pocahontas Proud"
"Brad Paisley","Two Feet Of Topsoil"
"Tanya Tucker","Delta Dawn"
"Restless Heart","Tell Me What You Dream"
"Johnny Cash","Blistered"
"Steve Earle","The Mountain"
"Freddy Fender","Wasted Days And Wasted Nights"
"Brad Paisley","Two People Fell In Love"
"Willie Nelson","Pretty Paper"
"Phil Vassar","Joe & Rosalita"
"Lila Mccann","Crush (Album Version)"
"Roger Miller","King Of The Road"
"Billy Dean","Somewhere In My Broken Heart"
"Merle Haggard","There Won't Be Another Now"
"Johnny Cash","Silent Night"
"The Stanley Brothers","Too Late To Cry"
"Leon Payne","I'm A Lone Wolf"
"Two Cow Garage","All Sins Forgiven"
"Chely Wright","Picket Fences"
"Johnny Bush","Whiskey River"
"Josh Turner","Loretta Lynn's Lincoln"
"RODNEY CROWELL","Standing On A Rock"
"Keith Anderson","Lazy With Your Love"
"Buddy Jewell","Dyess Arkansas"
"Blue Highway","Message From The Wind"
"Hellbillies","Ei Krasafaren Steinbu"
"Aaron Tippin","I Got It Honest"
"Jessica Andrews","Make Me Love You"
"The Deep Dark Woods","Polly"
"The Louvin Brothers","He Was Waiting At The Altar"
"Kris Kristofferson","The Sabre And The Rose"
"Wayne Hancock","Friday and Saturday Night"
"Shania Twain / Mark McGrath","Party For Two"
"Moe Bandy","Barstool Mountain"
"Slim Whitman","I'll Take You Home Again Kathleen"
"Guy Clark","Texas 1947"
"Dolly Parton","Take Me Back To The Country"
"Kim Richey","Keep Me"
"Porter Wagoner & Dolly Parton","Please Don't Stop Loving Me"
"Shania Twain","I Won't Leave You Lonely"
"Floyd Tillman","Slipping Around"
"Moon Mullican","Good Deal Lucille"
"Dave Gleason's Wasted Days","Another Man"
"RODNEY CROWELL","I Want You #35"
"Roger Creager","Things Look Good Around Here"
"16 Horsepower","Black Lung"
"Waylon Jennings","Ladies Love Outlaws"
"Tracy Byrd","You Never Know Just How Good You've Got It"
"Frankie Laine","Jealousy"
"Johnny Cash","It Was Jesus"
"Rhonda Vincent","Rhythm Of The Wheels"
"Charley Pride","I'm Just Me"
"John McEuen","Shuckin' the Corn"
"Suzy Bogguss","Far And Away"
"Lonesome Standard Time","Back Along The Line"
"Jimmie Rodgers","Never No Mo' Blues"
"Lonestar","I Want To Be The One"
"Brooks & Dunn","Ain't Nothing 'Bout You"
"Chris Thile","On Ice"
"Shania Twain","Bite My Lip"
"New Grass Revival","Unconditional Love"
"The Charlie Daniels Band","Drinkin' My Baby Goodbye"
"Johnny Paycheck","Someone To Give My Love To"
"The Stanley Brothers","Come All You Tenderhearted"
"The Highwaymen","True Love Travels A Gravel Road"
"The Notting Hillbillies","Your Own Sweet Way"
"The Flying Burrito Brothers","Image Of Me"
"Barbara Mandrell","I Wish That I Could Fall In Love Today"
"Bobby Bare","Detroit City"
"Hayes Carll","It's A Shame"
"Moon Mullican","All I Need Is You"
"Wanda Jackson","Slippin'"
"Ernest Tubb","It's Been So Long Darling"
"Claire Lynch","Second Wind"
"Hot Buttered Rum","Sweet Honey Fountain"
"Bellamy Brothers","Too Much Is Not Enough"
"Johnny Cash","Ballad of the Teenage Queen"
"Crooked Still","You Got The Silver"
"Carl Smith","Dog-Gone It Baby_ I'm In Love"
"John Denver","Back Home Again"
"The Carter Family","Lonesome Homesick Blues"
"Patsy Cline","Just A Closer Walk With Thee"
"Rick Treviño","She Can't Say I didn't Cry"
"Don Williams","Then It's Love"
"George Jones","She Thinks I Still Care"
"RODNEY CROWELL","If Looks Could Kill"
"Billy Joe Shaver","If I Give My Soul"
"Phil Vassar","I Would"
"Porter Wagoner & Dolly Parton","If Teardrops Were Pennies"
"Richmond Fontaine","St. Ides_ Parked Cars_ And Other People's Homes"
"Toby Keith","Getcha Some"
"Yonder Mountain String Band","Just the Same"
"Tim O'brien","The Wicked Messenger"
"The Flying Burrito Brothers","Close Up The Honky-Tonks"
"Gene Watson","WHEN YOU'RE NOT LOOKING BACK"
"Ricky Skaggs","Don't Get Above Your Raisin'"
"Kim Richey","Good At Secrets"
"Keith Urban","Live To Love Another Day"
"Trace Adkins","Marry For Money"
"Kasey Chambers","More Than Ordinary"
"Kellie Pickler","My Angel"
"Chely Wright","Shut Up And Drive"
"Mike Marshall & Chris Thile","Fisher's Hornpipe"
"The Stanley Brothers","Let Me Be Your Friend"
"Deryl Dodd","One Ride In Vegas"
"Alabama","Richard Petty Fans"
"Uncle Tupelo","Atomic Power"
"Eddie Rabbitt","You Can't Run From Love"
"Jason Michael Carroll","Tears"
"The Derailers","Hey_ Valerie!"
"Keith Urban","Once In A Lifetime"
"T.G. Sheppard","Devil in the Bottle"
"Dierks Bentley","You Hold Me Together"
"Gary P. Nunn","Guadalupe Days"
"Charlie Rich","Who Will The Next Fool Be"
"Chip Taylor_ Carrie Rodriguez","There's a Hole in the Midnight"
"George Jones","Tall Tall Trees"
"Bob Wills","She's Really Gone"
"Tanya Tucker","Pecos Promenade"
"Collin Raye","And I Love You So"
"Sierra Hull","Everybody's Somebody's Fool"
"New Grass Revival","Metric Lips"
"Faron Young","Country Girl"
"Bobby Bare","Qualudes Again"
"Eddy Arnold","I Really Don't Want To Know"
"Wayne Hancock","Cold Lonesome Wind"
"Aaron Tippin","I Wonder How Far It Is Over You"
"Sammi Smith","Mr. Bojangles"
"Clint Black","Nobody's Home"
"Roger Creager","L.A. Freeway"
"Janie Fricke","Do Me With Love"
"Patsy Cline","Stop The World"
"The Stanley Brothers","Pretty Polly"
"Hellbillies","Tolleiv"
"George Jones","A Good Year For The Roses"
"New Grass Revival","Can't Stop Now"
"Terri Clark","Not A Bad Thing"
"Hank Thompson And His Brazos Valley Boys","Oklahoma Hills"
"Ashton Shepherd","Lost In You"
"Gary Allan","No Damn Good"
"Brad Paisley","Les Is More"
"Hank Thompson","I Gotta Have My Baby Back"
"Hellbillies","Gamle Bry'n"
"Jamie O'Neal","When I Think About Angels"
"Willie Nelson","Nothing I Can Do About It Now"
"Wade Hayes","Old Enough To Know Better"
"Marty Robbins","Pain And Misery"
"Willie Nelson","There You Are"
"Charley Pride","Shutters and Boards"
"Kellie Pickler","Going Out In Style"
"Miranda Lambert","More Like Her"
"Tony Rice","John Hardy"
"Waylon Jennings & Willie Nelson","Pick Up The Tempo"
"Lucinda Williams","Malted Milk Blues"
"Faron Young","Face To The Wall"
"Carl Smith","Let's Live A Little"
"Uncle Tupelo","So Called Friend"
"Diamond Rio","Down By The Riverside"
"Patty Loveless","Ships"
"Phil Vassar","For A Little While"
"Barbara Mandrell","One Of A Kind Pair Of Fools"
"Buddy Jewell","Back To You"
"The Grascals","Me And John And Paul"
"Joe Ely","The Road Goes On Forever"
"Lee Roy Parnell","A Little Bit Of You"
"Toby Keith","Loaded"
"Danni Leigh","Cruel Heart"
"Freddy Weller","The Promised Land"
"John Hartford","Gum Tree Canoe"
"Brad Paisley","Me Neither"
"Hank Williams","Jambalaya (On The Bayou)"
"Wanda Jackson","Funny How Time Slips Away"
"Randy Rogers Band","Buy Myself A Chance"
"Browns","Three Bells"
"Chris Knight","River Road"
"Donna Fargo","You Can't Be A Beacon (If Your Light Don't Shine)"
"Alison Krauss / Union Station","Broadway"
"Johnny Cash","While I've Got It On My Mind"
"Darryl Worley","Spread A Little Love Around"
"Mindy Smith","Hurricane"
"Lefty Frizzell","Run 'Em Off"
"Yonder Mountain String Band","Red Tail Lights"
"Brad Paisley","Kim"
"Allison Moorer","Pardon Me"
"Johnny Cash","Guess Things Happen That Way"
"Kenny Rogers","For The Good Times"
"Little Big Town","Pontiac"
"Charley Pride","Kiss An Angel Good Mornin'"
"George Strait","I Cross My Heart"
"Craig Morgan","What You Do to Me"
"Cledus T. Judd","Grandma Got Run Over By A Reindeer"
"Rosanne Cash","Rosie Strike Back"
"Dierks Bentley","Good Things Happen"
"Sons Of The Pioneers","The Everlasting Hills Of Oklahoma"
"Rosanne Cash","Western Wall"
"George Strait","Lovesick Blues"
"Toby Keith","Where You Gonna Go"
"Jessi Colter","I'm Looking For Blue Eyes"
"Hayseed Dixie","Trickle Down"
"Sarah Johns","He Hates Me"
"Dave Dudley","The Pool Shark"
"Dierks Bentley","Modern Day Drifter"
"Marty Robbins","(Ghost) Riders In The Sky"
"Dierks Bentley","Sideways"
"Shelby Lynne","Why Can't You Be?"
"Brad Paisley","The Pants"
"Martina McBride","You Ain't Woman Enough"
"Hackensaw Boys","High Faller"
"Gary P. Nunn","Macho Man from Taco Land"
"Hank Snow","My San Antonio Mama"
"Darryl Worley","Slow Dancing With A Memory"
"Whiskeytown","My Hometown"
"Willie Nelson","I Love You A Thousand Ways"
"Jean Shepard","Act Like A Married Man"
"Thad Cockrell","I'd Rather Have You"
"George Jones","Cup Of Loneliness"
"RODNEY CROWELL","It Don't Get Better Than This"
"Lucinda Williams","Joy"
"Floyd Tillman","This Cold War With You"
"Yankee Grey","Untamed"
"The Notorious Cherry Bombs","On the Road To Ruin"
"Bellamy Brothers","When I'm Away From You"
"Deana Carter","Dickson County"
"Brooks & Dunn","My Next Broken Heart"
"Jim Lauderdale","High timberline"
"Suzy Bogguss","Hey Cinderella"
"The Mother Truckers","Different Eyes"
"Travis Tritt","Too Far To Turn Around"
"Jim Reeves","How's the World Treating You"
"George Jones","Don't Be Angry"
"Lester Flatt;Earl Scruggs","Mother Prays Loud In Her Sleep"
"Laura Cantrell","Big Wheel"
"Van Zant","That Scares Me"
"Tracy Byrd","Better Places Than This"
"Johnny Horton","All For The Love Of A Girl"
"Nickel Creek","Sweet Afton"
"Julie Roberts","That Ain't A Crime"
"Slim Cessna's Auto Club","Port Authority Band"
"Guy Clark","Worry B Gone"
"Johnny Cash","Long Black Veil"
"K.T. Oslin","Money"
"IIIRD Tyme Out","Letter To Home"
"Rhonda Vincent","Crazy Love"
"Jack Ingram","Mustang Burn"
"Lucinda Williams","Like A Rose"
"Robbie Fulks","You Shouldn't Have"
"RODNEY CROWELL","Ignorance Is The Enemy"
"Toby Keith","Me Too"
"Crystal Gayle","Never Ending Song Of Love"
"Jack Greene","Love Takes Care Of Me"
"Clint Black","Back To Back"
"Patty Loveless","Where I'm Bound"
"Barbara Fairchild","You Can't Put The City In A Country Girl"
"Willie Nelson","I Never Cared For You"
"Rhonda Vincent","When The Angels Sing"
"Kendel Carson","Seven Shadows on My Golden Roses"
"Chuck Wicks","Starting Now"
"Alison Krauss","Tonight I'll Be Lonely Too"
"Alan Jackson","Softly And Tenderly"
"Jake Owen","Anything For You"
"Pam Tillis","Cleopatra_ Queen Of Denial"
"Jeannie C. Riley","Harper Valley P.T.A."
"Jim Reeves","If You Were Mine"
"Skeeter Davis","I Can't Believe That It's All Over"
"Patsy Cline","Walking After Midnight"
"Johnny Cash","Straight A's In Love"
"BlackHawk","I Sure Can Smell The Rain"
"Béla Fleck","Down In The Swamp"
"Tom T Hall","Old Dogs_ Children And Watermelon Wine"
"Johnny Cash","The Fourth Man In The Fire"
"Doug Stone","In a Different Light"
"Ricky Van Shelton","Keep It Between The Lines"
"Luke Bryan","First Love Song"
"The Mavericks","Blue Moon"
"Johnny Dowd","Average Guy"
"Toby Keith","You Ain't Much Fun"
"Tyler Hilton","Milk Cow Blues"
"Vince Gill","The Key To Life"
"Chris Cagle","Wal-Mart Parking Lot"
"Ray Wylie Hubbard","Black Wings"
"Volebeats","Moon Beams"
"Jimmie Rodgers","High Powered Mama"
"Taylor Swift","Teardrops On My Guitar"
"Alabama","Why Lady Why"
"Alan Jackson","Right In The Palm Of Your Hand"
"Abalone Dots","Devil's Blues"
"Flatt & Scruggs","Don't Let Your Deal Go Down"
"Jim Lauderdale","Tales From The Sad Hotel"
"Waylon Jennings & Willie Nelson","Nowhere Road"
"Gillian Welch","Rock Of Ages"
"Tommy Alverson","Texas Woman"
"Tex Ritter","Rye Whiskey"
"Flatt & Scruggs","No Mother Or Dad"
"Bill Monroe & The Bluegrass Boys","Blue Moon Of Kentucky"
"Toby Keith","Good To Go To Mexico"
"Gary Allan","It Would Be You"
"Miranda Lambert","Airstream Song"
"Rich O'Toole","Cleveland"
"The Stanley Brothers","The Fields Have Turned Brown"
"Rosanne Cash","Burn Down This Town"
"John Prine and Mac Wiseman","Where the Blue of the Night"
"The Derailers","Genuine"
"Tracy Byrd","Put Your Hand In Mine"
"Gary Stewart","In Some Room Above The Street"
"Aaron Tippin","I Was Born With A Broken Heart"
"Lefty Frizzell","I'm Lonely And Blue"
"Alison Krauss / Union Station","Momma Cried"
"Willie Nelson","And So Will You My Love"
"Vince Gill","When Love Finds You"
"Ricky Van Shelton","Life Turned Her That Way"
"Steve Earle","Jerusalem"
"Julie Roberts","All I Want Is You"
"Tony Rice","Port Tobacco"
"Ricky Van Shelton","I Saw A Man"
"Suzy Bogguss","Cross My Broken Heart"
"Billy Ray Cyrus","It's All The Same To Me"
"The Notorious Cherry Bombs","Heart Of A Jealous Man"
"Emmylou Harris","Don't Let Our Love Die (2007)"
"Waylon Jennings & Willie Nelson","It's Not Supposed To Be That Way"
"Darryl Worley","POW 369"
"Loretta Lynn / Conway Twitty","Feelins'"
"Laura Cantrell","Early Years"
"David Houston","Sea Of Love"
"Chuck Wicks","The Easy Part"
"Martina McBride","Sunny Side Up"
"Keith Whitley","I Never Go Around Mirrors"
"Lonestar","I've Gotta Find You"
"Shania Twain","Come On Over"
"Travis Tritt","Down The Road I Go"
"John Denver","Alaska And Me"
"Uncle Tupelo","Effigy"
"The Tractors","Thirty Days"
"Billy Walker","I Taught Her Everything She Knows"
"Waylon Jennings","Old Five And Dimers (Like Me)"
"Earl Scruggs","I Saw The Light"
"Carl Smith","I Overlooked An Orchid"
"Jessi Colter","Why You Been Gone So Long"
"Big & Rich","Jalapeno"
"David Allan Coe","Longhaired Redneck"
"Keith Urban","Got It Right This Time"
"Whiskeytown","Excuse Me While I Break My Own Heart Tonight"
"Webb Pierce","I'll Go On Alone"
"Charlie Rich","On My Knees"
"Mary Chapin Carpenter","Swept Away"
"Lucinda Williams","2 Kool 2 Be 4-Gotten"
"Alan Jackson","Hole In The Wall"
"Iron Horse","3rd Planet"
"Laura Cantrell","Yonder Comes a Freight Train"
"Cal Smith","Country Bumpkin"
"Travis Tritt","Can't Tell Me Nothin'"
"Willie Nelson","Permanently Lonely"
"The Flying Burrito Brothers","Close up the Honky Tonks"
"Waylon Jennings & Willie Nelson","(Sittin' On) The Dock Of The Bay"
"Alan Jackson","As Lovely As You"
"John Berry","Kiss Me In The Car"
"Joe Nichols","Freedom Feels Like Lonely"
"Sandy Posey","What A Woman Won't Do"
"Neko Case","The Tigers Have Spoken"
"Ryan Bingham","Ghost Of Travelin' Jones"
"David Houston","Livin' In A House Full Of Love"
"Richmond Fontaine","Postcard Written With A Broken Hand"
"John Berry","Kiss Me In the Car"
"Allison Moorer","Hallelujah"
"Shelby Lynne","You're The Man"
"June Carter Cash","Will The Circle Be Unbroken"
"Lee Ann Womack","He'll Be Back"
"Jim Lauderdale","There Goes Bessie Brown"
"Dale Watson","Justice For All"
"Rex Allen","Memories Of The Range"
"John Denver","Grandma's Feather Bed"
"Tony Trischka","Lake Flora"
"Chris LeDoux","Cadillac Ranch"
"Michael Martin Murphey","Desert Rat"
"Ralph Stanley","False Hearted Lover's Blues"
"Suzy Bogguss","Outbound Plane"
"Lee Ann Womack","I Saw Your Light"
"The Highwaymen","Live Forever"
"DAN SEALS","My Baby's Got Good Timing"
"John Denver","Starwood In Aspen"
"Alan Jackson","Bring On The Night"
"RODNEY CROWELL","It's Lonely Out"
"Kenny Chesney","Living In Fast Forward"
"Johnny Bond","Sick_ Sober and Sorry"
"Wayne Hancock","Tag Along"
"Tracy Byrd","Baby Put Your Clothes On"
"RODNEY CROWELL","Preachin' To The Choir"
"The Statler Brothers","How Great Thou Art"
"Connie Smith","Run Away Little Tears"
"Eric Church","What I Almost Was"
"Doug Stone","Made For Lovin You"
"Lee Ann Womack","The Preacher Won't Have To Lie"
"Dave Dudley","Truck Drivin' Son Of A Gun"
"Conway Twitty","Boogie Grass Band"
"Keith Anderson","Plan B"
"Rick Trevino","Bobbie Ann Mason"
"Terri Clark","Not Enough Tequila"
"Donna Fargo","Funny Face"
"Charley Pride","She's Too Good To Be True"
"Craig Morgan","Ain't The Way I Wanna Go Out"
"Doug Stone","More Love"
"Wanda Jackson","Lonely Weekends"
"Jack Greene","Until My Dreams Come True"
"Jim Reeves","Am I Losing You"
"Eddy Raven","Zydeco Lady"
"Bobby Bare","Come Sundown"
"Nitty Gritty Dirt Band","Home Again In My Heart"
"Faron Young","The Yellow Bandana"
"The Nashville Bluegrass Band","The New Democracy"
"Brooks & Dunn","Brand New Whiskey"
"Rosanne Cash","Green_ Yellow And Red"
"David Allan Coe","Would You Lay With Me (In a Field of Stone)"
"Bobby Bare","Sure Hit Songwriters Pen"
"Roger Creager","Rancho Grande"
"The Handsome Family","My Sister's Tiny Hands"
"Porter Wagoner & Dolly Parton","Lost Forever In Your Kiss"
"Rosanne Cash","If You Change Your Mind"
"Hank Locklin","How Much"
"Delmore brothers","Muddy Water"
"Mark Chesnutt","Since You Ain't Home"
"Crystal Gayle","Miss The Mississippi And You"
"Cowboy Junkies","Blue Moon Revisited (song for Elvis)"
"Phosphorescent","The Party's Over"
"Shenandoah","I Got You"
"Brooks & Dunn","I'm No Good"
"Tony Rice","I've Waited As Long As I Can"
"Conway Twitty","Where I Stand"
"Carl Perkins","Daddy Sang Bass"
"Hank Williams","Move It On Over"
"Taylor Swift / Colbie Caillat","Breathe"
"Dolly Parton","In The Ghetto"
"Carl Smith","Let Old Mother Nature"
"Alabama","Give Me One More Shot"
"Rick Treviño","Running Out Of Reasons To Run"
"Jerry Jeff Walker","Leavin' Texas"
"Kenny Rogers & The First Edition","Something's Burning"
"Buddy Jewell","One In A Row"
"Tim Barry","Shoulda Oughta"
"Buck Owens","After The Dance"
"Slaid Cleaves","Tiger Tom Dixon's Blues"
"Chris Thile","Jessamyn's Reel"
"RODNEY CROWELL","I Ain't Living Long Like This"
"Keith Urban","Tu Compania"
"Collin Raye","It Could Happen Again"
"Patsy Cline","A Stranger In My Arms"
"Chatham County Line","The Carolinian"
"Barbara Fairchild","Crazy Love"
"The Mavericks","Dance The Night Away"
"Old Crow Medicine Show","We're All In This Together"
"Faith Hill","Stronger [Live]"
"Willard Grant Conspiracy","Another Man Is Gone"
"Charlie Walker","Don't Squeeze My Sharmon"
"Allison Moorer","Long Black Train"
"Kitty Wells","Release Me"
"Lynn Anderson","What A Man_ My Man Is"
"Rhonda Vincent","Pathway Of Teardrops"
"Suzy Bogguss","Drive South"
"The Nashville Bluegrass Band","We Decided To Make Jesus Our Choice"
"Jason Michael Carroll","Angel Of Broken Hearts"
"Keith Anderson","XXL"
"Billy Joe Royal","Yo-Yo"
"Skeeter Davis","What Does It Take (To Keep A Man Like You Satisfied)"
"Johnny Cash","The Sound Of Laughter"
"Johnny Lee","Your Song"
"Michelle Wright","Everything And More"
"David Allan Coe","Stand By Your Man"
"Rosie Flores","Lovin' In Vain"
"George Strait","Marina Del Rey"
"DAN SEALS","They Rage On"
"Vince Gill","The Sight Of Me Without You"
"George Strait","Love Without End_ Amen"
"Keith Whitley","I'm Gonna Hurt Her On The Radio"
"Ronnie Milsap","Just In Case"
"Clint Black","Bob Away My Blues"
"Danni Leigh","I Don't Feel That Way Anymore"
"Willie Nelson","End of Understanding"
"Pat Green","Elvis"
"Bob Wills","Stay a Little Longer"
"Little Big Town","Everything Changes"
"Willie Nelson / Sheryl Crow","Whiskey River"
"Flying Burrito Brothers","Wheels"
"Rhett Akins","Drivin' My Life Away"
"Blue Highway","Wild Bill"
"Jimmy Wakely","Oklahoma Hills"
"Cledus T. Judd","Grandpa Got Runned Over By A John Deere"
"Reba McEntire","Silver Eagle"
"Willie Nelson","Everybody's Talkin'"
"Gillian Welch","Lowlands"
"Chatham County Line","She"
"Darryl Worley","I Miss My Friend"
"Alison Brown","The Dalai Camel"
"Willie Nelson","A Moment Isn't Very Long"
"Roger Miller","England Swings"
"Willard Grant Conspiracy","The Visitor"
"Nickel Creek","Robin And Marian"
"The Del McCoury Band","Backslidin' Blues"
"Bellamy Brothers","She Don't Know She's Perfect"
"Billy Joe Shaver","Tramp On Your Street"
"The Notting Hillbillies","Weapon Of Prayer"
"Faron Young","Your Old Used To Be"
"The Louvin Brothers","Blues Stay Away From Me"
"Tammy Wynette","Your Love"
"Vern Gosdin","Was It Just The Wine"
"Roger Creager","I got the guns"
"Merle Travis","I Am A Pilgrim"
"Hayseed Dixie","I Believe In A Thing Called Love"
"Flatt And Scruggs","My Little Girl in Tennessee"
"Kitty Wells","After Dark"
"Hawkshaw Hawkins","Twenty Miles From Shore"
"Robbie Fulks","The Buck Starts Here"
"Merle Travis","No Vacancy"
"The Louvin Brothers","The Family Who Prays"
"Tim O'brien","Tombstone Blues"
"Ferlin Husky","A Fallen Star"
"Michael Martin Murphey","Night Hawk"
"Willie Nelson","On the Road Again"
"Flatt & Scruggs","That Old Book Of Mine"
"Moe Bandy","Cool Water"
"Ralph Stanley","On A Hill Lone And Grey"
"Mark Chesnutt","Think Like a Woman"
"Willie Nelson","Remember Me"
"Mickey Gilley","City Lights"
"Pat Green","Let Me"
"Walt Wilkins","Wrapped"
"Flatt & Scruggs","Brother_ I'm Getting Ready to Go"
"Chris Cagle","Look At What I've Done"
"Jim Reeves","Yonder Comes A Sucker"
"Darius Rucker","Be Wary Of A Woman"
"Merle Travis","John Henry"
"Skeeter Davis","Silver Threads And Golden Needles"
"Billy Joe Shaver","If the Trailer's Rockin' Don't Come Knockin'"
"Craig Morgan","Where Has My Hometown Gone"
"Bobbie Gentry","Mornin' Glory"
"New Grass Revival","One More Love Song"
"Blue Highway","Where Did The Morning Go?"
"Bob Wills","Faded Love"
"Pam Tillis","All The Good Ones Are Gone"
"Jim Ed Brown & The Browns","Gently Comes Love"
"Jason Michael Carroll","Let It Rain"
"Charlie Feathers","Corrine_ Corrina"
"Hank Snow","(Now and Then There's) a Fool Such as I"
"Max Stalling","El Paso"
"Phil Vassar","Somewhere In Between"
"The Seldom Scene","I'll Remember You Love in My Prayers"
"Charlie Rich","Sittin' And Thinkin'"
"Johnny Tillotson","Lonely Street"
"Mary Gauthier","Before You Leave"
"Slim Whitman","Rose Marie"
"Grandpa Jones","Mountain Dew"
"Carl Belew","Hello Out There"
"Johnny Horton","Two Red Lips And Warm Red Wine"
"Rosanne Cash","This World"
"Faron Young","A Long Time Ago"
"Exile","The Girl Can't Help It"
"DAN SEALS","Addicted"
"Sammy Kershaw","Third Rate Romance"
"Travis Tritt","Circus Leaving Town"
"Bobby Helms","Silver Bells"
"Doug Dillard","With Care From Someone"
"Bob Wills","Take Me Back To Tulsa"
"Dolly Parton","But You Know I Love You"
"Country Gentlemen","Riverboat Fantasy"
"The Carter Family","Sweet Fern"
"Julie Roberts","Wake Up Older"
"Kenny Rogers","Elvira"
"Abalone Dots","Lorraine"
"Dierks Bentley","Last Call (With Ronnie McCoury & Friends)"
"Patsy Cline","I'm Blue Again"
"Ricky Van Shelton","I'll Leave This World Loving You"
"Lee Ann Womack","I Hope You Dance"
"Hayes Carll","Perfect Lover"
"Joe Nichols","Real Things"
"Shooter Jennings","Manifesto No. 1"
"Toby Keith","If You're Tryin' You Ain't"
"The Sons Of the Pioneers","Song Of The Bandit"
"Bob Wills","Steel Guitar Rag"
"Hank Penny","When You Cry"
"Skeeter Davis","The End of the World"
"Jim Reeves","Making Believe"
"Kinky Friedman","Amelia Earhart's Last Flight"
"Billy Ray Cyrus","Sing Me Back Home"
"Alabama","The Cheap Seats"
"Little Big Town","Bones"
"Darryl Worley","A Good Day To Run"
"Suzy Bogguss","Stay Out of My Dreams"
"Gene Watson","Together Again"
"Marty Robbins","Half As Much"
"Johnny Cash","Goodbye Little Darlin' Goodbye"
"Frankie Laine","Strange Lady In Town"
"Béla Fleck","Whitewater"
"Michael Nesmith And The First National Band","Joanne"
"Tanya Tucker","What's Your Mama's Name Child"
"Pat Green","Who's To Say"
"Red Foley","Tennessee Saturday Night"
"Pirates Of The Mississippi","Feed Jake"
"Caitlin Cary & Thad Cockrell","Don't Make It Better"
"Dolly Parton","Somebody's Everything"
"Toby Keith","Every Dog Has Its Day"
"Webb Pierce","'Cause I Love YOu"
"Marty Stuart","Honky Tonkin's What I Do Best"
"Bobby Bare","Numbers"
"Chris Knight","send a boat"
"Johnny Cash","The Greatest Cowboy Of Them All"
"Darryl Worley","The Least That You Can Do"
"Hayseed Dixie","I Love It Loud"
"Lucinda Williams","What If"
"Charlie Rich","Let Me Go My Merry Way"
"K.T. Oslin","You Call Everybody Darling"
"Joaquin Phoenix","Ring Of Fire"
"Alison Krauss / Union Station","My Poor Old Heart"
"Kenny Rogers","She Believes In Me"
"Abalone Dots","A Simple Song"
"Steve Wariner","I'm Already Taken"
"Dierks Bentley","Trying To Stop Your Leaving"
"The Nashville Bluegrass Band","Sitting on Top of the World"
"Eddy Raven","BAYOU BOYS"
"Cledus T. Judd","Hankenstein"
"The Charlie Daniels Band","(What This World Needs Is) A Few More Rednecks"
"Béla Fleck","Frosty Morning"
"Bill Monroe","Bluegrass Breakdown"
"Dolly Parton","Lonely Comin' Down"
"Billy Currington","Swimmin' In Sunshine"
"John Denver","San Antonio Rose"
"Clint Black","One Emotion"
"Brooks & Dunn","The Trouble With Angels"
"Johnny Cash","Sunday Morning Come Down (Live)"
"Oak Ridge Boys","Elvira"
"Willie Nelson & Family","Angel Flying Too Close To The Ground"
"Brenda Lee","It Started All Over Again"
"Old Crow Medicine Show","Tell It To Me"
"Vern Gosdin","I'm Still Crazy"
"Slim Whitman","You're the Only One"
"Sugarland","Hello"
"Restless Heart","I'll Still Be Loving You"
"Allison Moorer","No Place For A Heart"
"Chris Thile","I'm Yours If You Want Me"
"Kristy Lee Cook","Not Tonight"
"Del Reeves","Looking At The World Through A Windshield"
"Kenny Rogers","The King Of Oak Street"
"Rosanne Cash","Will You Remember Me"
"Blue Highway","I Used To Love Parades"
"Sammy Kershaw","Southbound"
"James McMurtry","Out Here In the Middle"
"Yankee Grey","All Things Considered"
"Moe Bandy","Hank Williams_ You Wrote My Life"
"Nat Stuckey","Take Time To Love Her"
"Billy Joe Shaver","Corsicana Daily Sun"
"Webb Pierce","Any Old Time"
"Porter Wagoner","Sorrow on the rocks"
"Fred Eaglesmith","I Like Trains"
"Deana Carter","That's How You Know It's Love"
"Asleep At The Wheel","Hillbilly Nut"
"Buck Owens","Why Don't Mommy Stay With Daddy and Me"
"Two Cow Garage","No Shame"
"Sugarland","Speed Of Life"
"Sons Of The Desert","You Can Come Cryin' To Me"
"KRIS KRISTOFFERSON & RITA COOLIDGE","Lover Please"
"Josh Turner","Soulmate"
"Gary Allan","Life Ain't Always Beautiful"
"Martina McBride","Wrong Again"
"Tracy Lawrence","Don't Talk To Me That Way"
"Johnny Cash","Joe Bean"
"Solomon Burke","Atta Way To Go"
"Jack Ingram","Beat Up Ford"
"Tift Merritt","Laid A Highway"
"Asleep At The Wheel","New San Antonio Rose"
"Keith Urban","Used To The Pain"
"Hellbillies","DRAG"
"T. Graham Brown","I Wish That I Could Hurt That Way Again"
"Rick Treviño","I Only Get This Way With You"
"Kris Kristofferson","Me And Bobby McGee"
"Keith Urban","Jeans On"
"The Carter Family","Anchored In Love"
"Jamie O'Neal","Frantic"
"Thad Cockrell","Breaking of a Day"
"Bill Monroe","You're Drifting Away"
"Johnny Cash","Thanks A Lot"
"George Strait","Desperately"
"Moon Mullican","Moonshine Blues"
"Jim Ed Brown & The Browns","Barroom Pals And Goodtime Gals"
"Railroad Earth","Walk On By"
"The Highwaymen","Cotton Fields"
"Dwight Yoakam","Send Me The Pillow"
"Rick Trevino","Another Six Pack Under"
"Sammy Kershaw","Little Did I Know"
"RODNEY CROWELL","Who Do You Trust"
"Bobby Bare","Are You Sincere"
"Iron Horse","When The Levee Breaks"
"Southern Pacific","Midnight Highway"
"Brooks & Dunn","Santa's Coming Over To Your House"
"Billy Dean","It's What I Do"
"Mindy McCready","Without Love"
"Merle Travis","Too Much Sugar For A Dime"
"John Berry","What's In It For Me"
"Chris Thile","Cazadero"
"Toby Keith","Whiskey Girl"
"Hank Williams","Mind Your Own Business"
"Darryl Worley","Have You Forgotten?"
"Charlie Rich","Rollin' With The Flow"
"Charlie Rich","C. C. Rider"
"Exile","I Could Get Used To You"
"Gene Watson","Beautiful You"
"Alison Krauss","Broadway"
"George Jones","The Race Is On"
"Shelby Lynne","Evil Man"
"Keith Urban","I'll Fly Away"
"The Del McCoury Band","A Far Cry"
"Dolly Parton","Living On Memories Of You"
"Martina McBride","Wrong Baby Wrong Baby Wrong"
"Steve Earle","What's A Simple Man To Do"
"Toby Keith","Courtesy Of The Red_ White And Blue (The Angry American)"
"Jim Lauderdale","Leaving Mobile"
"Alison Krauss / Union Station","Looking In The Eyes Of Love"
"Porter Wagoner & Dolly Parton","The Last Thing On My Mind"
"The Supersuckers","Dead In The Water"
"Brooks & Dunn","She's Not The Cheatin' Kind"
"Jim Lauderdale","Crazy Peg And Darby Doyle"
"Charlie Daniels","Uneasy Rider '88"
"Jim Reeves","Mexicali Rose"
"Lefty Frizzell","Blue Yodel No. 6"
"Julie Roberts","If You Had Called Yesterday"
"Merle Haggard","You Don't Have Far To Go"
"Jake Owen","Eight Second Ride"
"Rich O'Toole","Queen Of The Misfits"
"16 Horsepower","For Heaven's Sake"
"Lefty Frizzell","Forbidden Lovers"
"Eddy Raven","Joe Knows How To Live"
"Jamie O'Neal","Girlfriends"
"Johnny Cash","Ring of Fire"
"The Deep Dark Woods","When First Into This Country"
"Joe Diffie","Prop Me Up Beside the Jukebox (If I Die)"
"Oak Ridge Boys","In the Shelter of His Arms"
"Hank Snow","The Reindeer Boogie"
"Sandy Posey","Single Girl"
"Lucinda Williams","Jackson"
"Kasey Chambers","Not Pretty Enough"
"Webb Pierce","There Stands The Glass"
"The Forester Sisters","That's What Your Love Does To Me"
"Ryan Bingham","Southside Of Heaven"
"Johnny Cash","No Expectations"
"Aaron Tippin","Honky-Tonk Superman"
"Dwight Yoakam","A Thousand Miles From Nowhere (Remastered LP Version)"
"Roy Rogers","Chapel In The Valley"
"Stonewall Jackson","A Wound Time Can't Erase"
"Little Big Town","From This Dream"
"Vince Gill","Love Never Broke Anyone's Heart"
"Iron Horse","Your Time Is Gonna Come"
"Cowboy Junkies","Misguided Angel"
"Nat Stuckey","The Days of Sand and Shovels"
"Blue Highway","A Week From Today"
"Clint Black","When My Ship Comes In"
"Johnny Bond","Tumbling Tumbleweeds"
"Roy Rogers","A Gay Ranchero"
"Kenny Rogers","Sunshine"
"Kenny Rogers And Dottie West","Anyone Who Isn't Me Tonight"
"Chely Wright","Deep Down Low"
"Charley Pride","I'll Be Leaving Alone"
"Eli Young Band","Always The Love Songs"
"Merle Travis","Muskrat"
"Randy Travis","Swing Down Chariot (LP Version)"
"Johnny Cash","I Hung My Head"
"Clint Black","One More Payment"
"Hank Snow","I'm Movin' On"
"Carl Smith","Let Old Mother Nature Have Her Way"
"Van Zant","Things I Miss The Most"
"Ty Herndon","No Mercy"
"Joe Nichols","Size Matters (Someday)"
"Kenny Rogers And Dottie West","Let It Be Me"
"Dolly Parton","Travelin Prayer"
"Hank Williams","I Can't Get You Off Of My Mind"
"Allison Moorer","Louise Is In The Blue Moon"
"Joe Nichols","The Shape I'm In"
"Sonny James","Baltimore"
"Robbie Fulks","Busy Not Crying"
"Mary Chapin Carpenter","Oh_ Lonesome Me"
"Tony Rice","Misty Morning"
"The Stanley Brothers","Bound To Ride"
"Thad Cockrell","Taking the View"
"The Country Gentlemen","Walking In Jerusalem (Just Like John)"
"Patty Loveless","On Your Way Home"
"Ferlin Husky","I Feel Better All Over"
"Don Williams","Back In My Younger Days"
"The Grascals","Cut Your Wheels"
"Skeeter Davis","(I Can't Help You) I'm Falling Too"
"Alabama","I'm Stoned"
"Merle Travis","Fat Gal"
"Chris Cagle","The Safe Side"
"Chely Wright","Between A Mother And A Child"
"Tracy Byrd","Never Gonna Break Again"
"Dixie Chicks","So Hard"
"Kris Kristofferson","When I Loved Her"
"The Greencards","Lover I Love The Best"
"Wanda Jackson","Crazy"
"Alison Krauss / Union Station","Take Me For Longing"
"Faith Hill","Mississippi Girl (Remastered Album Version)"
"Reckless Kelly","Hard Fight To Win"
"Trace Adkins","Swing"
"Red Foley","Hang Your Head In Shame"
"Deana Carter","Colour Everywhere"
"Clint Black","Nothing's News"
"Gary Allan","See If I Care"
"Willie Nelson","On The Road Again"
"Fred Eaglesmith","Mighty Big Car"
"Richmond Fontaine","The Janitor"
"Lady Antebellum","Love This Pain"
"Little Jimmy Dickens","Hillbilly Fever"
"Johnny Cash","Rodeo Hand"
"Blake Shelton","The More I Drink (Album Version)"
"Chet Atkins","Boo Boo Stick Beat"
"Lonestar","Little Town"
"Terri Clark","A Little Gasoline"
"George Morgan","Almost"
"Alison Brown","Lorelei"
"Hayseed Dixie","Dueling Banjos"
"Alison Krauss","Too Late To Cry"
"Kris Kristofferson","If You Don't Like Hank Williams"
"Dolly Parton","Stairway to Heaven"
"Brooks & Dunn","Believe"
"The Nashville Bluegrass Band","Signs Following"
"Jamie O'Neal","There Is No Arizona"
"Bob Luman","Let's Think About Living"
"Carrie Underwood","Just A Dream"
"Rebecca Lynn Howard","Was It As Hard To Be Together"
"Kenny Chesney","Key's In The Conch Shell"
"Sam Bush","You Left Me Alone"
"Carrie Rodriguez","Never Gonna Be Your Bride"
"Johnny Cash","Goodnight Irene"
"Brooks & Dunn","Rock My World (Little Country Girl)"
"Tanya Tucker","Shotgun"
"Kendel Carson","Mexico"
"Bill Monroe","Shady Grove"
"Josh Turner","As Fast As I Could"
"James McMurtry","Outskirts"
"Joe Nichols","That's What Love'll Get You"
"Hank Williams","Half As Much"
"Béla Fleck","Crossing The Tracks"
"Pat Green","Carry On"
"David Ball","New Shiner Polka"
"Joe Nichols","Should I Come Home (Or Should I Go Crazy)"
"Montgomery Gentry","Tried And True"
"Robert Earl Keen","The Man Behind The Drums"
"Mary McBride","No One's Gonna Love You Like Me"
"John McEuen","Carolina Traveler"
"Jim Ed Brown & The Browns","Southern Loving"
"Deana Carter","Atlanta & Birmingham"
"Chris LeDoux","The Feeling Comes Back"
"Rhonda Vincent","Last Time Loving You"
"John Hartford","Watching the River Go By"
"The Seldom Scene","After Midnight"
"Vince Gill","How Lonely Looks"
"Bellamy Brothers","Feelin' The Feelin'"
"Sandy Posey","Bring Him Safely Home To Me"
"Vince Gill","The Sun's Gonna Shine On You"
"Eddy Raven","I'm Gonna Get You"
"Ronnie Milsap","I Wouldn't Have Missed It For The World"
"Austin Lounge Lizards","Ain't Gonna Rain"
"Dixie Chicks","The Long Way Around"
"Jerry Jeff Walker","Mr. Bojangles"
"Allison Moorer","Alabama Song"
"Jerry Douglas","Sir Aly B"
"Brooks & Dunn","Neon Moon"
"Tanya Tucker","The Man That Turned My Mama On"
"Billy Currington","No One Has Eyes Like You"
"David Allan Coe","Please Come To Boston"
"Gretchen Wilson","Come To Bed"
"Max Stalling","One of the Ways"
"Sarah Johns","Big Love In A Small Town"
"Carl Smith","More Than Anything Else in the World"
"John Denver","Tenderly Calling"
"Trisha Yearwood","Real Live Woman"
"Julie Roberts","No Way Out"
"Rosanne Cash","I Don't Have To Crawl"
"Charlie McCoy","Don't It Make My Brown Eyes Blue"
"Dan Tyminski","Wheels"
"Eddy Arnold","Turn The World Around"
"Patty Loveless","O Come All Ye Faithful"
"Hank Thompson","Whoa Sailor"
"Wayne Hancock","Lookin' For Better Days"
"Kitty Wells","I've Kissed You My Last Time"
"Bill Monroe","Orange Blossom Special"
"Sugarland","Tennessee"
"Asleep At The Wheel","Where No One Stands Alone"
"Sean Watkins","Take It Away"
"Jody Miller","Queen Of The House"
"Moe Bandy","It's a Cheatin' Situation"
"George Jones & Tammy Wynette","Something To Brag About"
"Jason Aldean","Big Green Tractor"
"Ryan Bingham","Long Way From Georgia"
"Taylor Swift","You Belong With Me"
"Buddy Jewell","I Wanna Thank Everyone"
"Josh Turner","Nowhere Fast"
"Toby Keith","Knock Yourself Out"
"Roy Drusky","Another"
"Doug Stone","Nice Problem"
"Chalee Tennison","Cheater's Road"
"The Nashville Bluegrass Band","Down A Winding Road"
"Eddy Raven","I Got Mexico (Digital Re-Recording)"
"Brad Paisley","Flowers"
"Holly Williams","Mama"
"Billy Walker","Circumstances"
"George Jones & Tammy Wynette","A Pair Of Old Sneakers"
"Patsy Cline","The Heart You Break May Be Your Own"
"Ralph Stanley","Storms Are On The Ocean"
"Emilio","I Think We're On To Something"
"George Jones","White Lightning"
"The Notting Hillbillies","Blues Stay Away From Me"
"Jim Reeves","Little Ole You"
"Joe Diffie","A Night to Remember"
"HOLLY DUNN","Are You Ever Gonna Love Me"
"Blue Highway","I'm Asking You"
"Webb Pierce","More And More"
"Sara Evans","Four-Thirty"
"Iron Horse","Kashmir"
"Nat Stuckey","Sweet Thang"
"Alabama","Keepin' Up"
"Uncle Tupelo","Moonshiner"
