"Halvdan Sivertsen","Små Ord"
"Cyndi Lauper","Into The Nightlife"
"Paris Hilton","I Want You (Album Version)"
"A Fine Frenzy","The Beacon"
"The Crash","What If I Meet You"
"Eurythmics","Tous Les Garçons Et Les Filles"
"Klee","Ich vermiss Dich"
"Lesley Gore","It's My Party"
"David Archuleta","You Can"
"Savage Garden","You Can Still Be Free"
"Toni Kater","Gut sein"
"Shakira Featuring Wyclef Jean","Hips Don't Lie (featuring Wyclef Jean)"
"Sebastian","Bear With Me"
"Maren Ord","Waiting"
"Girls Aloud","Not Tonight Santa"
"Abba","The Name Of The Game"
"Ace of Base","C'est la vie (Always 21)"
"Genki Rockets","Star Surfer"
"Richard Marx","Hold On To The Nights"
"Lily Allen","U Killed It"
"Weeping Willows","I'm Falling In Love"
"Tina Arena","Tu aurais dû me dire (oser parler d'amour)"
"Agnes","I Need You Now"
"La Quinta Estacion","Es Cierto"
"A-Ha","Celice"
"Holly Valance","Desire (Album mix)"
"Stacie Orrico","Security"
"Anne-Lie Rydé","Tema Från Stulna Kyssar"
"Rachael Yamagata","Letter Read"
"Tarkan","Bounce"
"Bananarama","Young at Heart"
"Danny Wilson","The Second Summer Of Love"
"Westlife","When You're Looking Like That"
"Cascada","I Will Believe It"
"Backstreet Boys","Larger Than Life"
"Tina Turner","We Don't Need Another Hero (Thunderdome)"
"Cock Robin","Superhuman"
"Gwen Stefani","Harajuku Girls"
"Take That","You Are The One"
"Achim Reichel","Eckenliegerblues"
"El Canto del Loco","Ya Nada Volvera A Ser Como Antes"
"Nek","Dime porqué"
"Lily Allen","Smile (Radio Edit)"
"Waldo's People","Back Again"
"Gloria Gaynor","I Want To Know What Love Is"
"Banaroo","Ringa Ding Ding"
"First Choice","You Took The Words Right Out Of My Mouth"
"Rebbie Jackson","Play Your Game"
"Emilia","You're My World"
"Vonda Shepard","Sweet Inspiration"
"Whitney Houston","Didn't We Almost Have It All"
"Carpenters","The Rainbow Connection"
"Melanie C","Forever Again"
"Jewel","Break Me"
"Spear Of Destiny","All My Love (Ask Nothing)"
"Bananarama","Love Comes"
"Dee Clark","Little Bitty Pretty One"
"El Canto del Loco","Una Foto En Blanco Y Negro"
"Lil' Chris","Checkin' It Out"
"Venke Knutson","Hold On"
"Kelly Clarkson","My Life Would Suck Without You"
"Rosey","Love"
"Justin Hayward","Heart of Steel"
"The Archies","Melody Hill"
"Giorgio Moroder","From Here To Eternity"
"Las Ketchup","Doble Bombo"
"KC & The Sunshine Band","Let It Go (Part One)"
"Falco","Monarchy Now"
"Alizée","Décollage"
"Hanson","Man From Milwaukee"
"Christina Aguilera","Walk Away"
"Cheryl Cole","Stand Up"
"Girls Can't Catch","Keep Your Head Up"
"Michael Jackson","It's The Falling In Love"
"Matia Bazar","Ti Sento"
"Teitur","Hitchhiker"
"Lady GaGa","LoveGame"
"Raf","Il Battito Animale"
"Danzel","Clap Your Hands"
"Spice Girls","Stop (Morales Remix)"
"Heatwave","Boogie Nights"
"Jewel","Only One Too  (DJ Volume Mix)"
"Dido","This Land Is Mine"
"Boomkat","The Wreckoning"
"Britney Spears","Don't Go Knockin' On My Door"
"Jamiroquai","So Good To Feel Real"
"Sinitta","Love On A Mountain Top"
"The Saturdays","Fall"
"Ice Mc","Scream"
"Rihanna","Don't Stop The Music"
"Alizée","C'Est Trop Tard"
"Céline Dion","The Reason I Go On"
"Antti Tuisku","Valo"
"Sandra","Free Love"
"Rachael Sage","Obvious"
"Tony Christie","Don't Go Down To Reno"
"Ashley Tisdale","Last Christmas (Single Version)"
"Bangbros","Arschgesicht"
"Carole King","Smackwater Jack"
"Aaron Carter","To All The Girls"
"Tarkan","Hop Hop"
"Melanie Brown","IN TOO DEEP"
"Spice Girls","Never Give Up On The Good Times"
"Raf","Siamo Soli Nell'immenso vuoto Che C'è"
"Music Go Music","Light Of Love"
"Papa Dee","Angel"
"Charlotte Church","Show A Little Faith"
"Mylène Farmer","Et Tournoie"
"S Club 7","It's A Feel Good Thing"
"Bo Selecta","Soda Pop"
"Army Of Lovers","Say Goodbye To Babylon"
"The Cardigans","Iron Man"
"S Club 8","Don't Tell Me You're Sorry"
"Thelma Houston","Don't Leave Me This Way"
"Shakira","Did It Again (featuring Kid Cudi)"
"The Cardigans","Lovefool"
"Erik Hassle","Don't Bring Flowers"
"Josh Groban","You Are Loved [Don't Give Up] (Album Version)"
"Cher","You Take It All"
"Avril Lavigne","Innocence"
"Susan Ashton","Body And Soul"
"PATY CANTU","No Fue Suficiente"
"Fergie","Big Girls Don't Cry (Personal)"
"Nerina Pallot","When Did I Become Such A Bitch"
"Charlotte Gainsbourg","Tel Que Tu Es"
"Benjamin Biolay","Hors La Vie"
"Dannii Minogue","Exclusively"
"Elton John","Original Sin"
"Martin Stenmarck","1000 nålar"
"Demi Lovato","Falling Over Me"
"Britney Spears feat. Pharrell Williams","Boys"
"Utada","You Make Me Want To Be A Man"
"Britney Spears","Everytime"
"Alice","Per Elisa"
"Hanna Pakarinen","When I Become Me"
"Fairground Attraction","Find My Love"
"Amandine Bourgeois","Chacun Son Truc"
"Michael Jackson","Man In The Mirror"
"Jocelyn Brown","Love's Gonna Get You"
"Donny Osmond","How Deep Is Your Love"
"Martha Wainwright","Comin' Tonight"
"Luka Bloom","Sunday"
"Glenn Medeiros","Would I"
"Loona","Por la noche"
"Lena Philipsson","Dansa I Neon"
"Daniel Powter","Bad Day"
"All Saints","On And On"
"Laura Branigan","How Am I Supposed To Live Without You  (LP Version)"
"All Saints","Rock Steady (Calvin Harris Remix)"
"Bertrand Burgalat","Orea Onira"
"Slinkee Minx","Summer Rain"
"Kish Mauve","You Make Me Feel"
"Shanadoo","King Kong"
"Bay City Rollers","Marlena"
"Cristina","Blame It On Disco"
"Anna Nalick","Satellite"
"Anssi Kela","Laulu petetyille"
"Céline Dion","Ne partez pas sans moi (Grand prix de L'Eurovision 1988)"
"Five","Partyline 555-on-line"
"Axel Fischer feat. Cora","Amsterdam"
"Will Young","Dance The Night Away"
"Eddie Murphy","Hit By A Car"
"Elisa","Luce (Tramonti A Nord Est)"
"Delta Goodrem","You Are My Rock"
"Eros Ramazzotti","Non Ti  Prometto Niente"
"Miley Cyrus","See You Again"
"George Michael","Praying For Time"
"La Casa Azul","Superguay"
"Outhere Brothers","Shake It"
"Ronan Keating","Words"
"Scandinavian Music Group","Ilman sinua olen lyijyä"
"Donny Osmond","How Long"
"Jennifer Love Hewitt","Me And Bobby McGee"
"Donna Summer","Love To Love You Baby"
"ABC","Jealous Lover"
"Miss Li","Let Her Go"
"Natasha St-Pier","Tant Que J'Existerai"
"The Platters","I'm Just a Dancing Partner"
"Patrick Bruel","Au Bout De La Marelle"
"Miley Cyrus","Fly On The Wall"
"David Bowie","Time Will Crawl (1999 Digital Remaster)"
"Tiktak","Yksin ja irrallaan"
"Two Man Sound","Que Tal America"
"Anastacia","I Can Feel You"
"Waldo's People","U Drive Me Crazy"
"Cristina Donà","Un Giorno Perfetto"
"Madleen Kane","Rough Diamond"
"The Saturdays","Set Me Off"
"The Dreamside","This Quest"
"Pet Shop Boys","London (Westbam In Berlin Mix)"
"Backstreet Boys","PDA"
"Vanessa Paradis","Les Acrobates"
"La Oreja de Van Gogh","Cuantos Cuentos Cuento"
"Michael Jackson","Tabloid Junkie"
"Roxette","Crash! Boom! Bang! (Radio Edit)"
"Mylène Farmer","Prologue"
"Westlife","Angel"
"Minipop","Fingerprints"
"Elin Sigvardsson","Where To Start"
"Amaral","Resurrección"
"All Saints","Rock Steady (MSTRKRFT Edition)"
"Charlotte Martin","Madman"
"Münchener Freiheit","Solang man Träume noch leben kann"
"Alanis Morissette","Underneath (Album Version)"
"Westlife","World Of Our Own"
"Boyzone","Love Is A Hurricane"
"Wet Wet Wet","Goodnight Girl"
"Stefanie Heinzmann","My Man Is A Mean Man"
"Michael Jackson","Black Or White"
"98º","Heaven's Missing An Angel"
"Rosenstolz","Blaue Flecken"
"883","Gli Avvoltoi"
"Charlie Hall","You Are God"
"Michael Jackson","Just A Little Bit Of You"
"Gareth Gates","Absolutely"
"Amy Diamond","One Of The Ones"
"Melendi","Curiosa La Cara De Tu Padre"
"Sugababes","Wait For You"
"Backstreet Boys","The Call"
"Bee Gees","Islands In The Stream"
"Sophie Zelmani","Now you know"
"Spandau Ballet","Love Is All"
"Kate Voegele","One Way Or Another"
"Mariah Carey","Love Takes Time"
"Benjamin Biolay","Mes Peines De Coeur"
"Marit Larsen","Under The Surface"
"Backstreet Boys","Shape Of My Heart"
"McFly","I'll Be OK"
"Marmalade","Rainbow"
"Kate Ryan","Another Day"
"Bic Runga","Listen"
"Sonique","Alive"
"Michael Jackson","Dirty Diana"
"Cyndi Lauper","Give It Up"
"The Corrs","All I Have To Do Is Dream feat. Laurent Voulzy"
"Dan Hartman","Instant Replay"
"Katie Melua","The Closest Thing To Crazy"
"Orup","Moderna Män"
"Baby D","Let Me Be Your Fantasy"
"Colbie Caillat","Magic"
"Ercola feat. Daniella","Every Word"
"Everything But The Girl","Twin Cities"
"Belinda Carlisle","I Plead Insanity"
"Tina Cousins","Pray"
"Vanessa Hudgens","Sneakernight"
"Anna Ternheim","Bring Down Like I"
"Christina Aguilera","Still Dirrty"
"Bonnie Tyler","I'm Only A Lonely Child"
"Bee Gees","Run To Me"
"Texas","Tell Me The Answer"
"Los Del Rio","Macarena"
"Swing Out Sister","Something Every Day (Little Wizard mix)"
"Maga","Astrolabios"
"Die Prinzen","Blaue Augen"
"All Saints","I Don'T Wanna Be Alone"
"Michael Jackson","My Girl"
"Barbra Streisand","Comin' In And Out Of Your Life"
"Claude François","Le chanteur malheureux"
"Ashlee Simpson","Pieces Of Me"
"Jewel","Intuition"
"The Hollies","The Woman I Love (2003 Digital Remaster)"
"Jennifer Love Hewitt","Stand In Your Way"
"Susan Aglukark","I Will Return"
"Dolly Rockers","Je Suis Une Dolly"
"Münchener Freiheit","Baby Blue"
"Fergie","London Bridge"
"Gloria Gaynor","The Power Of Love"
"Kat DeLuna","Run The Show featuring Don Omar [en Espanol]"
"Sarah McLachlan","The First Noel/Mary Mary"
"Lisa Miskovsky","Acceptable Losses"
"Nevio","Stella"
"Kim Wilde","Can You Come Over"
"Cher","Love Is The Groove"
"Patty Pravo","Pazza Idea"
"Scissor Sisters","I Can't Decide"
"Kate Miller-Heidke","I Like You Better When You're Not Around"
"Tiziano Ferro","Salutandotiaffogo"
"Destiny's Child","No_ No_ No"
"Elisa","Almeno Tu Nell'Universo"
"Markus Krunegård","Dålig på vardag"
"Abba","Thank You For The Music"
"Tanita Tikaram","Deliver Me"
"JLS","Only Tonight"
"Michael Jackson","You Can Cry On My Shoulder"
"Mutya Buena","Real Girl"
"Britt Nicole","Good Day"
"Cahill ft. Nikki Belle","Trippin On You"
"Katherine Jenkins","Angel"
"S Club Juniors","Anytime Anywhere"
"Luca Carboni","Farfallina"
"Skye","Stop Complaining"
"Paula Abdul","To You"
"Sheryl Crow","All I Wanna Do"
"Lene Marlin","Disguise"
"Céline Dion","Think Twice"
"Avalon","First Love"
"Enrique Iglesias","Do You Know? (The Ping Pong Song)"
"Katri Ylander","Aamuaurinkoon"
"Jc Chasez","Right Here (By Your Side)"
"Anita Ward","Ring My Bell"
"Kelly Clarkson","Never Again"
"Gloria Gaynor","Broken Wings"
"Sophie Ellis-Bextor","Love It Is Love"
"Cerrone","Sweet Drums"
"Madonna","Jump [Jacques Lu Cont Edit]"
"2raumwohnung","Lachen und weinen"
"Merche","Me Han Vuelto Loca"
"Sertab Erener","Everyway That I Can"
"Tanita Tikaram","Something New"
"No Mercy","Please Don't Go"
"Madonna","Holiday"
"The Bachelors","Ramona"
"Ace of Base","Happy Nation"
"Kreesha Turner","Bounce With Me"
"Céline Dion","Because You Loved Me (Theme from \"Up Close and Personal\")"
"Britney Spears","(You Drive Me) Crazy"
"Abba","Dancing Queen"
"Britt Nicole","Set The World On Fire"
"Terra Naomi","Up Here"
"Spice Girls","Christmas Wrapping"
"Yvonne Catterfeld","Gefühle"
"Noisettes","Don't Upset The Rhythm (Go Baby Go)"
"N-Dubz","I Need You"
"Alison Moyet","Honey For The Bees"
"Marjorie Estiano","Reflexo Do Amor"
"Whitney Houston","I'm Every Woman"
"David Jordan","If I'm In Love"
"Björn Rosenström","Brunnsparken"
"Lindsay Lohan","I Want You To Want Me"
"Aaron Carter","Real Good Time"
"Tina Arena","That's The Way A Woman Feels"
"Sabrina Setlur","Damals"
"Colbie Caillat","I Won't"
"LFO","That's The Way It Is"
"Sarah McLachlan","Adia"
"Darlene Zschech","Wonderful You"
"Madonna","Bedtime Story (Album Version)"
"David Fonseca","Who Are U?"
"Katri Ylander","Välitunnilla"
"X-Perience","Deeper Than Deep"
"Westlife","Bop Bop Baby"
"Ke$ha","TiK ToK"
"The Archies","Truck Driver"
"Marquess","Lo siento y adios"
"Colbie Caillat","Somethin' Special"
"Efecto Mariposa","Por quererte"
"Münchener Freiheit","Schuld war wieder die Nacht"
"Shakira","Poem To A Horse"
"Britney Spears","Mmm Papi"
"Atomic Kitten","Believer"
"Nek","Notte di febbraio"
"Madonna","Vogue [Live]"
"Zoegirl","Forevermore"
"Abba","Mamma Mia"
"Kate Bush","How To Be Invisible"
"Esser","Headlock"
"Five","Got The Feelin'"
"Chimène Badi","Je Sais"
"Britney Spears","Break The Ice"
"Robbie Williams","No Regrets"
"Lily Allen","Littlest Things"
"Laura Pausini","16/5/74"
"Roxette","Make My Head Go Pop"
"Julia Fordham","Island"
"Shakira","Lo Hecho Está Hecho"
"G4","Beautiful"
"Spinvis","Een Kindje Van God"
"Adrienne Pierce","Laundry & Dishes"
"Preluders","Losing My Religion"
"Marquess","La discoteca"
"Ronan Keating","The Long Goodbye"
"Chantal Kreviazuk","Ghosts Of You"
"Exposé","I'll Never Get Over You Getting Over Me"
"Vanessa Paradis","Des Que J'Te Vois"
"The Salsoul Orchestra","You're Just the Right Size"
"Boney M.","Give It Up"
"Markus Krunegård","Noiserock i Japan"
"S Club 7","You're My Number One"
"Jessica Simpson","Take My Breath Away"
"Sezen Aksu","Tutuklu"
"Jacques Dutronc","L'Homme De Paille"
"Ana Torroja","Aire"
"Sophie Zelmani","Ready"
"Blue System","G.T.O."
"Adam Wade","Rain From The Skies"
"Jennifer Lopez","We Gotta Talk"
"Dumas","Les secrets"
"Bardot","Girls Do_ Boys Don't"
"Miguel Angel Muñoz","Oh Carolina"
"Jawoll","Rendezvous - Ich hab' Dich seit langem nicht gesehen"
"the bird and the bee","She's Gone"
"Lisa Miskovsky","As Daylight Fades"
"Ashlee Simpson","Bittersweet World"
"Bingo Players","Devotion"
"Alison Moyet","Falling"
"Amanda Lear","Follow Me"
"Rick Astley","Nature Boy"
"Ysa Ferrer","Sens Interdit"
"Tanita Tikaram","My Love"
"Big Money","Space"
"Céline Dion","Only One Road"
"Universal Poplab","Pearl"
"Shakespears Sister","Could You Be Loved"
"Billie The Vision & The Dancers","No One Knows You"
"Bobby Vinton","I Love How You Love Me"
"Beyoncé","Single Ladies (Put A Ring On It)"
"The Four Aces","Tell Me Why"
"JoJo","Note To GOD"
"Paul Johnson","Get Get Down"
"Annie Lennox","A Whiter Shade Of Pale"
"Girls Aloud","The Show"
"Amanda Jenssen","Come On (You Have Arrived)"
"Roxette","Stars (Almighty 7'' Mix)"
"Geier Sturzflug","Bruttosozialprodukt"
"Stakka Bo","Natural"
"Ana Laura","Completely"
"Zazie","J'Envoie Valser"
"Club 8","Whatever You Want"
"Tiktak","Minä olen yö"
"Rachel Stevens","Sweet Dreams My LA Ex"
"Bratz","You Think"
"Lisa Nilsson","Det Är Bara Ord"
"Ana Torroja y Miguel Bosé","Corazones"
"Atomic Kitten","Love Doesn't Have To Hurt (Radio Version)"
"Jacques Dutronc","Laquelle Des Deux Est La Plus Snob"
"Britney Spears","My Prerogative"
"Genki Rockets","Heavenly Star"
"McFly","I Wanna Hold You"
"Flanders","By My Side (Box Life Radio Edit)"
"Marti Jones","So Lonesome I Could Fly"
"Peaches & Herb","Shake Your Groove Thing"
"Matt Wertz","Carolina"
"Pelle Carlberg","Clever Girls Like Clever Boys Much More Than Clever Boys Like Clever Girls"
"Alizée","L'Effet"
"Fergie","Voodoo Doll"
"Seal","Killer (Single Version)"
"Erik Segerstedt","Bring My Baby Back"
"Phil Collins","I'm Not Moving"
"Rocazino","Hvad Forlanger Du Mer'"
"Adrienne Bailon","Big Spender"
"Céline Dion","Zora sourit"
"El Canto del Loco","El Garrotin"
"Erasure","Sexuality"
"Elisa","Femme Fatale"
"Ann Lee","So deep"
"Robbie Williams","Random Acts Of Kindness"
"Daniel Merriweather","Red"
"Holly Valance","Somebody Out There (Final)"
"Climie Fisher","This Is Me"
"Britney Spears","3"
"Javine","Best Of My Love"
"The Four Lads","Moments To Remember"
"Radiorama","Aliens"
"Nellie McKay","Respectable"
"Lucie Silvas","The Longer We're Apart"
"Atomic Kitten","Eternal Flame (Blacksmith R&B Rub)"
"The Salsoul Orchestra","It's Good for the Soul"
"a1","Same Old Brand New You"
"Laura Pausini","Gente"
"Darren Hayes","Heart Attack"
"Grace Jones","Williams Blood"
"Sarah Brightman","Misere Mei"
"Sophie Zelmani","Got To Stop"
"Bluelagoon","Break My Stride (Radio Edit)"
"Carole King","It's Going To Take Some Time"
"Britney Spears","Out From Under"
"Curtis Stigers","Count My Blessings"
"Foxy","Tena's Song"
"Jennifer Lopez","Ain't It Funny"
"Book Of Love","Quiver"
"Måns Zelmerlöw","The Prayer"
"Alannah Myles","Trouble"
"Brian Littrell","Wish"
"Katy Perry","I'm Still Breathing"
"Joana Zimmer","I Believe"
"Backstreet Boys","Song for the Unloved"
"Michael Gray","The Weekend"
"RyanDan","Wind Beneath My Wings"
"Lily Allen","22 (Acoustic)"
"Diana Ross","Love Hangover"
"Tata Young","Shine Like a Superstar"
"Michael Jackson","Ben"
"Melody Club","Colours"
"Joanie Sommers","One Boy"
"Klaas meets Haddaway","What Is Love 2K9"
"The Corrs","Would You Be Happier? (LP Version)"
"Imagination","Just An Illusion"
"Morten Abel","So Be It"
"Tre Små Kinesere","Matbit"
"Aqua","Goodbye To The Circus"
"Big Dee Irwin","Swinging On A Star"
"Michael Jackson","Morning Glow"
"Righteous Brothers","Little Latin Lupe Lu"
"Carla Bruni","Tout Le Monde"
"Nick Lachey","Open Your Eyes"
"Carole King","So Far Away"
"a1","Caught In The Middle"
"Curtis Stigers","You're All That Matters To Me"
"Sylvester","Body Strong"
"Caroline Henderson","All Around You"
"Jessica Andersson","Kalla nätter"
"Cathy Dennis","Irresistible"
"Daniele Silvestri","Monetine"
"Nichole Nordeman","Healed"
"Britney Spears","Someday (I Will Understand)"
"Jonatha Brooke","Everything I Wanted (yesteryear radio edit)"
"Tracey Ullman","(Life Is A Rock) But The Radio Rolled Me"
"Anna Abreu","Shame"
"Jennifer Hudson","The Star-Spangled Banner"
"Steed Lord","You"
"Wet Wet Wet","Love Is All Around"
"Banaroo","Ba Yonga Wamba"
"Mitchel Musso","Speed Dial"
"Deluxe","Simone"
"Steps","Never Say Never Again"
"Elton John","Philadelphia Freedom"
"Erasure","Be My Baby"
"Exposé","You Don't Know What You Got"
"Jessica Sierra","Unbroken"
"DJ Bobo","I Feel It"
"Ronan Keating","I Hope You Dance"
"Eurythmics","A Little Of You"
"Abba","The Winner Takes It All"
"Terence Trent D'Arby","Are You Happy?"
"Abba","Super Trouper"
"Kirsty MacColl","He's On The Beach"
"Alexia","Happy"
"Melody Club","Winterland"
"Ray Dee Ohh","Jeg Vil La' Lyset Brænde"
"Avalon","Overjoyed"
"September","September All Over"
"Hannah Montana","Let's Do This"
"Dean Geyer","If You Don't Mean It"
"Westlife","In This Life"
"Edyta Gorniak","Perfect Moment"
"Bay City Rollers","Where Will I Be Now"
"Tom Pulse","Turn Me On"
"Zoegirl","Let It Out"
"Tiromancino","Corri"
"Michael Jackson","Girl You're So Together"
"Abba","So Long"
"James Blunt","You're Beautiful (Demo)"
"Information Society","Empty"
"Gemelli Diversi","Gente Di Periferia"
"Natasha Bedingfield","These Words"
"Billie The Vision & The Dancers","I Miss You"
"Spongebob Squarepants","Ripped Pants"
"Kelly Sweet","We Are One"
"James Blunt","Carry You Home"
"Sia","Where I Belong"
"Jonas Brothers","Just Friends"
"Freemasons Feat. Bailey Tzuke","Uninvited"
"Crispian St. Peters","You Were On My Mind"
"Neil Diamond","Walk On Water"
"Modern Talking","There's Too Much Blue In Missing You"
"The Exciters","Tell Him"
"Eric Hutchinson","All Over Now (Album Version)"
"The Potbelleez","Don't Hold Back"
"Helena Paparizou","Mambo"
"Young Divas","I Can't Wait"
"Mark Medlock & Dieter Bohlen","Sing Halleluja"
"Captain Hollywood Project","Find Another Way"
"Arabesque","Like A Shot In The Dark"
"Carpenters","An Old Fashioned Christmas"
"Ivano Fossati","L'Amore Trasparente"
"Lanae' Hale","Spring Again"
"Alphaville","Afternoons In Utopia"
"Jessica Simpson","Be"
"Lisa Miskovsky","Please Forgive Me"
"Abba","That's Me"
"Blake Lewis","Heartbreak on Vinyl"
"Josh Groban","Mi Morena (Revised Live Version)"
"Kelly Sweet","Ready For Love"
"Gwen Stefani","What You Waiting For?"
"Karla Bonoff","Isn't It Always Love"
"Mark Medlock & Dieter Bohlen","Unbelievable"
"Klee","Standard Kompakt"
"Antti Tuisku","Mitä pakenet"
"Melanie C","Go!"
"Hayley Westenra","Across the Universe of Time"
"Michael Jackson","Rock With You"
"Gloria","All the Way"
"Sugababes","Round Round"
"Kyle Riabko","Doesn't Get Much Better"
"Beverley Craven","Look No Further"
"Kelly Clarkson","Cry"
"Tony Orlando & Dawn","Summer Sand"
"Darren Hayes","I Like The Way"
"Colbie Caillat","Rainbow"
"Marcie Blane","Wer Einmal 'A' Gesagt (What Does A Girl Do?)"
"Amaral","Toda La Noche En La Calle"
"Westlife","Flying Without Wings"
"Sweet Sensation","Sincerely Yours"
"Sister Sledge","Frankie"
"Ace of Base","I pray"
"Annie Lennox","Erased"
"KALIMBA","Nunca Sabras"
"Christina Aguilera","Genio Atrapado"
"Jonas Brothers","That's Just The Way We Roll"
"The Silver Convention","Chains of Love"
"Billy Ocean","Upside Down"
"Michael Jackson","One More Chance"
"They Might Be Giants","There's A Great Big Beautiful Tomorrow"
"Rob Mayth","Barbie Girl"
"Nikki","Bring Me Down"
"The Four Pennies","Juliet"
"Liane Foly","On A Tous Le Droit"
"Calogero","Si Seulement Je Pouvais Lui Manquer"
"Darren Hayes","I Just Want You To Love Me"
"Julie Zenatti","A Quoi Ca Sert"
"Pelle Carlberg","I Love You_ You Imbecile"
"Jane Birkin","14 Février"
"Monrose","Stolen"
"Stacie Orrico","Hesitation"
"Leona Naess","Star Signs"
"Lady GaGa","Poker Face"
"Robert Goulet","My Love_ Forgive Me"
"Zoegirl","Ordinary Day"
"Chantal Kreviazuk","Little Things"
"Toy-Box","The Sailor Song"
"Amaral","El Blues De La Generación Perdida"
"Tic Tac Toe","Mr. Wichtig"
"P.Lion","Happy Children"
"Sugababes","Buster"
"Wildchild","Jump To My Beat"
"Annie Lennox","Little Bird"
"Jonas Brothers","Pushin' Me Away"
"Shakira","Objection (Tango)"
"Alicia Bridges","I Love The Nightlife (Disco 'Round)"
"Bent Fabric","Sweet Senorita"
"Britney Spears","Can't Make You Love Me"
"Venke Knutson","How The Story Goes"
"Acda & De Munnik","De Kapitein Deel II"
"Mai Tai","Body And Soul"
"Natalia","Risin"
"Jane Birkin","Madame"
"Bløf","Midzomernacht"
"Joy Enriquez","Between You And Me"
"Pet Shop Boys","Did you see me coming?"
"Suzanne Vega","Fifty-Fifty Chance (Fifty Fifty)"
"Joe Smooth","Promised Land"
"Britney Spears","Oops!...I Did It Again"
"Shayne Ward","Breathless"
"Brooke White","Hold Up My Heart"
"Aycan","Lambada"
"Tommy James And The Shondells","Gettin' Together"
"Shayne Ward","All My Life"
"Eros Ramazzotti & Anastacia","I Belong To You (Il Ritmo Della Passione)"
"Abba","Waterloo"
"McFly","Friday Night"
"Gene Pitney","Every Breath I Take"
"The Guild League","Siamese Couplets"
"Jump5","It's A Beautiful World"
"Melody Club","Electric"
"Eros Ramazzotti","Fantastico Amor (Ma Che Bello Questo Amore)"
"The Four Pennies","Sweeter Than You"
"Valérie Leulliot","Mon Homme Blessé"
"Alizée","Mon Taxi Driver"
"Katy Perry","Ur So Gay"
"The Ronettes","Born To Be Together"
"Will Young","Changes"
"Pet Shop Boys","Decadence"
"Julien Doré","Acacia"
"Jacques Dutronc","L'Aventurier"
"Bosson","Let Your Soul Shine"
"Cyndi Lauper","Walk On By"
"Morten Abel","The Birmingham Ho"
"Sophie Ellis-Bextor","By Chance"
"Alizée","Lui Ou Toi"
"Mariah Carey","Honey"
"Katharine McPhee","Not Ur Girl"
"Dennis Christopher VS Tony Cha Cha","(Do I Look Like A) Slut (Original Club Mix)"
"Will Young","Love Is A Matter Of Distance"
"Lighthouse Family","Ocean Drive"
"Eoghan Quigg","We're All In This Together"
"Annett Louisan","Die Katze"
"Kate Bush","A Coral Room"
"Jason Derulo","Whatcha Say"
"Hanson","If Only"
"Michael Jackson","Smooth Criminal (Radio Edit)"
"Christina Aguilera","Beautiful"
"Lily Allen","Everyone's At It"
"Michael Jackson","Bad"
"Culture Beat","Mr Vain"
"Melanie Doane","You Are What You Love"
"Robbie Williams","Morning Sun Reprise"
"East 17","Someone To Love"
"Yvonne Catterfeld","Licht am Horizont"
"Anggun","Plus fort que les frontières"
"Anggun","Selamanya"
"Enrique Iglesias","Can You Hear Me"
"S.O.A.P.","S.O.A.P. Is In The Air"
"Kim Appleby","Don't Worry"
"Lucie Silvas","Build Your World Around"
"Dannii Minogue","Wish You'd Stop Wishing"
"Nolwenn Leroy","Etre Une Femme"
"Boyzone","If You Were Mine"
"Sophie Ellis-Bextor","I Won't Change You"
"Formula V","La Fiesta De Blas"
"2raumwohnung","36 Grad (Paul van Dyk's Vandit Clubmix)"
"Bangles","In A Different Light"
"Krystof","Vodne stocne"
"Françoise Hardy","Mon amie la rose"
"Alcazar","Inhibitions"
"Rosana","En las calles de Madrid"
"Jamelia","Something About You (Mr Ozio Mix)"
"Britney Spears","Kill The Lights"
"Jessica Simpson","In This Skin"
"Sister Sledge","Il Macquillage Lady"
"Jona Lewie","Stop The Cavalry"
"Kaci Brown","Like 'Em Like That"
"Spinners","Working My Way Back To You/Forgive Me_ Girl (Remastered Single Version)"
"Selena Gomez & The Scene","The Way I Loved You"
"Fergie","Velvet"
"Acda & De Munnik","Het Regent Zonnestralen"
"Ronan Keating","Just When I'd Given Up Dreaming"
"Joan Armatrading","True Love"
"Marie Serneholt","That's The Way My Heart Goes"
"Girls Aloud","Wake Me Up"
"Urban Cookie Collective","The Key_ The Secret 2005 (Northstarz Club Mix)"
"Christina Aguilera","Cruz"
"Hungry Lucy","To Kill A King"
"Rick Astley","The Bottom Line"
"Mariah Carey","Touch My Body"
"Kiko & Shara","Sin ton Ni Son"
"Eleanor McEvoy","Sophie"
"Vanessa Carlton","My Best"
"The Lilac Time","Rockland"
"Lighthouse Family","Run"
"Grace Jones","Devil In My Life"
"Dannii Minogue","Vibe On"
"Nena","Keine Antwort"
"Miley Cyrus","Right Here"
"Krystof","Svedomi"
"Cyndi Lauper","Rocking Chair"
"The Bee Gees","I Don't Think It's Funny"
"Russell Morris","The Girl That I Love"
"Joana Zimmer","Lucky Star"
"Weeping Willows","By The River"
"Edelweiss","The Kangaroo Theory"
"Natasha Bedingfield","Love Like This"
"Patricia Kaas","Mon Mec A Moi"
"Bethany Dillon","I Believe In You"
"Kelly Clarkson","Breakaway"
"Eva Dahlgren","Kysser Solen"
"Alcazar","This Is The World We Live In"
"Westlife","Amazing"
"Amel Bent","Ma Philosophie"
"Marina Lima","O Chamado"
"Emiliana Torrini","Sunny Road"
"Lisa Stansfield","Real Love"
"Carpenters","Crystal Lullaby"
"Erasure","Rescue Me"
"Sarah Connor / TQ","Let's Get Back To Bed - Boy!"
"Bobby Rydell","Forget Him"
"Tracey Thorn","By Piccadilly Station I Sat Down And Wept"
"Leona Lewis","Outta My Head"
"X-Perience","Island Of Dreams"
"Eros Ramazzotti","Amarte Es Total"
"Lisa Stansfield","8-3-1"
"Gloria Gaynor","I Will Survive"
"Will Young","Very Kind"
"Melanie C","Immune"
"Cheryl Cole","Fight For This Love"
"Mikel Erentxun","Frases Mudas"
"Samantha Fox","He's Got Sex"
"KT Tunstall","Under The Weather"
"Mitchel Musso","Movin' In"
"Håkan Hellström","Atombomb"
"Phil Collins","Please Come Out Tonight"
"Billie Piper","Ring My Bell"
"Anna Ternheim","One To Blame"
"Toni Kater","Liebe ist"
"Ke$ha","Your Love Is My Drug"
"Anastacia","Left Outside Alone"
"Jennifer Lopez","I'm Glad"
"Boyzone","It's Time"
"Phil Collins","Testify"
"Tiffany","Kids In America"
"Kelly Key","Adoleta"
"Sandi Thom","I Wish I Was A Punk Rocker (With Flowers In My Hair)"
"Ania","Niech zniknie caly swiat"
"Madi Diaz","Nothing At All"
"Dusty Springfield","Mockingbird"
"Gwen Stefani","4 In The Morning"
"Lil Suzy","Can't Get You Out of My Mind"
"M People","Love Rendezvous"
"Vanessa Carlton","C'est La Vie"
"Morten Abel","Snowboy"
"Twenty 4 Seven","You Gotta Be Safe"
"Darren Hayes","On The Verge Of Something Wonderful"
"Vengaboys","Up & Down"
"Maga","Intentos De Color"
"George Michael","Amazing"
"Paolo Meneguzzi","In Nome Dell'Amore"
"Lily Allen","Not Big"
"Bubba Sparxxx","Heat It Up (Radio Edit)"
"Giusy Ferreri","Passione Positiva"
"Cyndi Lauper","Who Let In The Rain"
"Daniel Bedingfield","If You're Not The One"
"George Michael","Shoot The Dog"
"Vanessa Carlton","Sway"
"Gavin DeGraw","She Holds A Key"
"Bananarama","Move In My Direction"
"All Saints","Hell No"
"Gloria Gaynor","Exclusive Medley Remix 2000 (Radio Edit)"
"Spice Girls","Move Over"
"Lady GaGa","Brown Eyes"
"Sandi Thom","When Horsepower Meant What It Said"
"Billie Piper","Safe With Me"
"Alanis Morissette","Precious Illusions (Album Version)"
"Bobby Rydell","Swingin' School"
"Madonna","Papa Don't Preach"
"Britney Spears","Womanizer"
"Patrick Nuo","Wintersleep"
"Zoegirl","Good Girl"
"Daniel Merriweather","Giving Everything Away For Free"
"All Saints","Bootie Call (Dreem Teem Vocal)"
"Westlife","Home"
"Arsenium","Love Me&Love Me"
"JoJo","Leave (Get Out)"
"Backstreet Boys","The Answer To Our Life"
"AnnaGrace","Let The Feelings Go"
"Lionel Richie","Stuck On You"
"Albert One","Turbo Diesel"
"Backstreet Boys","Climbing The Walls"
"Bellini","Carnaval"
"Johnny Hates Jazz","Turn The Tide"
"Karla Bonoff","Someone To Lay Down Beside Me"
"Bangles","Some Dreams Come True"
"Steps","Say You'll Be Mine"
"Nerina Pallot","Daphne And Apollo"
"Margo Guryan","Something's Wrong With The Morning"
"Spanky & Our Gang","Like To Get To Know You"
"Ernie Halter","Love In L.A. (Album)"
"The Drifters","White Christmas"
"T'Pau","Do the Right Dance"
"Boyzone","Good Conversation"
"Ana Carolina","Dentro"
"Mr. President","I Give You My Heart"
"Johnny Cash","The Little Drummer Boy"
"Basshunter","Russia Privet"
"911","Moving On"
"Enrique Iglesias","Dímelo"
"Sissy Wish","Yayaya"
"Michael Jackson","Shake Your Body (Down To The Ground)"
"Neil Sedaka","The Diary"
"Donna Summer","Could It Be Magic"
"Will Young","Hey Ya"
"Geri Halliwell","Lift Me Up"
"Ace of Base","Hey Darling"
"Will Young","Who Am I"
"Darin","Who's that girl"
"Lily Allen","Knock 'Em Out"
"Tracey Thorn","It's All True"
"Cali","Je Ne Vivrai Pas Sans Toi"
"Lara Fabian","To Love Again (Si Tu M'Aimes)"
"Five","Let's Dance"
"Ysa Ferrer","Sens interdit"
"Ace of Base","Strange Ways"
"Darin","Runaway"
"Bananarama","I Love The Way"
"Mai Tai","Body and Soul"
"Samantha Fox","Hold On Tight"
"Lisa Stansfield","Don't Cry For Me"
"Kylie Minogue","Red Blooded Woman"
"Alesha Dixon","To Love Again"
"Lisa Scott-Lee","Too Far Gone"
"Girls Aloud","Something Kinda Ooooh"
"Christina Aguilera","Without You"
"Agnetha Fältskog","Little White Secrets"
"DJ Project","Tell Me Why"
"Plüsch","Für Immer"
"Army Of Lovers","Requiem"
"Britney Spears","...Baby One More Time"
"Michael Jackson","Workin' Day And Night"
"Roxette","(Do You Get) Excited?"
"Telepopmusik","Tittsworth Remix"
"Paolo Meneguzzi","L'Albero Di Natale"
"Neil Diamond","Girl_ You'll Be A Woman Soon"
"Cher","Our Day Will Come"
"Bananarama","Look On The Floor (Yomanda Remix)"
"Sophie Ellis-Bextor","Everything Falls Into Place"
"Mark Ronson featuring Amy Winehouse","Valerie"
"Madonna","Take A Bow (Album Version)"
"Atomic Kitten","Tomorrow And Tonight"
"Colbie Caillat","The Little Things"
"Will To Power","Dreamin'"
"a1","Like A Rose"
"Universal Poplab","The Toast That Never Ends"
"Britney Spears","If U Seek Amy"
"Sophie Ellis-Bextor","The Earth Shook The Devil's Hand"
"the bird and the bee","Lifespan Of A Fly"
"Espen Lind","Missing Her Then"
"Wild Strawberries","Wrong To Let You Go"
"George Michael","Older"
"Britney Spears","Shadow"
"Rachel Stevens","I Said Never Again (But Here We Are)"
"Amandine Bourgeois","Chut"
"Flanders","Time (Vincenzo Callea Radio Mix)"
"Miley Cyrus","Simple Song"
"5000 Volts","I'm On Fire"
"Alizée","J'En Ai Marre"
"Sheryl Crow","Soak Up The Sun"
"Christina Aguilera","Somebody's Somebody"
"McFly","Five Colours In Her Hair"
"Vanessa Hudgens","Committed"
"Christophe Willem","Elu Produit De L'Année"
"Frida Hyvönen","today_ tuesday"
"Leevi and the leavings","Sadetanssi"
"Pascal Obispo","1980"
"The Royal Teens","Short Shorts"
"Julia Fordham","Manhattan Skyline"
"Il Divo","White Christmas"
"Natasha St-Pier","J'avais Quelqu'Un"
"José Carreras And Sarah Brightman","Amigos Para Siempre - Friends For Life"
"Bucks Fizz","If You Can't Stand The Heat"
"Cristina Donà","The Truman Show"
"Alanis Morissette","Still (Album Version)"
"Kate Nash","Dickhead"
"Céline Dion","Des mots qui sonnent"
"Just Jack","No Time"
"Paolo Meneguzzi","Musica"
"Sara Bareilles","Between The Lines"
"Erasure","Sucker For Love (Extended Mix)"
"Ritchie Family","The Best Disco In Town"
"Donna Summer","This Time I Know It's For Real"
"Donatella Rettore","Eroe"
"Rebecca Pidgeon","Tough On Crime"
"Girls Aloud","Can't Speak French"
"Belinda","Noche Cool"
"Jason Mraz","Love For A Child [From The Casa Nova Sessions]"
"Adele","Chasing Pavements"
"Zoegirl","Even If"
"Céline Dion","Piaf chanterait du rock"
"Iyaz","Replay (Album Version)"
"Jordin Sparks","Young And In Love"
"Franek Kimono","Pola Monola + Coca Cola"
"La Oreja de Van Gogh","Un Cuento Sobre El Agua"
"Chris De Burgh","A Woman's Heart"
"Rosenstolz","Gib mir Sonne"
"Deee-Lite","Heart Be Still (LP Version)"
"Jeff Timmons","Favorite Star"
"Kylie Minogue","Breathe"
"Tina Dico","In the Red"
"Britney Spears featuring Ying Yang Twins","(I Got That) Boom Boom"
"Girls Aloud","Jump"
"Kate Nash","Later On"
"Dido","Look No Further"
"Annie","Take You Home"
"Jonas Brothers","A Little Bit Longer"
"First Choice","The Player"
"4TROOPS","You'll Never Walk Alone"
"The Salsoul Orchestra","Salsoul Rainbow"
"Charlotte Perrelli","Hero"
"Robbie Williams","The 90's"
"Kate Voegele","Might Have Been"
"Bertrand Burgalat","Waiting For Rain"
"Lindsay Lohan","If You Were Me"
"Elisa","Rock Your Soul"
"Frankmusik","Wonder Woman"
"Sugababes","Get Sexy"
"LFO","Every Other Time"
"Britney Spears","From The Bottom Of My Broken Heart"
"Busted","Everything I Knew"
"DJ Bobo","Everybody"
"Wilson Phillips","You're In Love"
"Alcazar","Celebrate The Night"
"Cerrone","You are the one"
"Anna Nalick","In My Head"
"Amber","Heavenly Proximity"
"The Les Humphries Singers","Kansas City"
"Terra Naomi","Never Quite Discussed"
"ANJA GARBAREK","Still Guarding Space"
"Alexz Johnson","Anyone But You"
"Bertrand Burgalat","Je suis seul dans ma chanson"
"Fitness Forever","Albertone"
"The McGuire Sisters","Sincerely"
"Genki Rockets","Heavenly Star (Glorious Remix)"
"Katy Perry","Hot N Cold"
"A Fine Frenzy","Rangers"
"Jurga","The Longest Day"
"Céline Dion","Ne bouge pas"
"Susan Aglukark","As Only A Heart Would Dare"
"Rihanna","Disturbia"
"McFly","Sorry's Not Good Enough"
"Evelyn Thomas","High Energy"
"Sophie Ellis-Bextor","Bittersweet"
"Céline Dion","All By Myself"
"DJ Manian","Heat Of The Moment"
"Kate Miller-Heidke","Ducks Don't Need Satellites"
"The Tamperer feat. Maya","Feel It"
"Modestia Aparte","Tiempo para no pensar"
"Hem","Half Acre"
"Meryl Streep","The Winner Takes It All"
"Lara Fabian","Till I Get Over You"
"Ashlee Simpson","Shadow"
"Modern Talking","Anything Is Possible"
"Helena Paparizou","I Don't Want You Here Anymore (Anapandites Klissis)"
"Giorgio Moroder","I Wanna Rock You"
"Bethany Dillon","The Way I See You"
"Melanie C","Fragile"
"Prefab Sprout","Cue Fanfare"
"Rihanna","Pon de Replay"
"September","It Doesn't Matter"
"Demi Lovato","The Middle"
"Selena Gomez","Fly To Your Heart"
"Eric Prydz","Pjanoo"
"Mariah Carey","We Belong Together"
"Scissor Sisters","Kiss You Off"
"Kemopetrol","Saw It On TV"
"Danielle Brisebois","Crawling"
"Lucie Silvas","Trying Not To Lose"
"Rose Royce","Is It Love You're After"
"Idina Menzel","Defying Gravity [Josh Harris Radio Edit]"
"Sugababes","Girls"
"Pet Shop Boys","Love Is A Catastrophe"
"Nancy Sinatra","I Love Them All (The Boys In The Band)"
"September","Good Times"
"Leona Lewis","Better in time"
"Camille","Katie's Tea"
"Boyzone","A Different Beat"
"Westlife","To Be Loved"
"Barry Manilow","It's A Miracle"
"Fergie","Clumsy"
"Annie Lennox","Dark Road"
"Annie Lennox","Sing"
"Everything But The Girl","You Lift Me Up"
"Spice Girls","Time Goes By"
"Johnny Logan","Stay"
"Ronan Keating","Lost For Words"
"Nick Lachey","What's Left Of Me"
"Jens Lekman","Kanske Ar Jag Kar i Dig"
"Ke$ha","Boots &  Boys"
"Stephanie Mills","Put Your Body In It"
"Lou Christie","I'm Gonna Make You Mine"
"Gwen Stefani","Wind It Up"
"Coralie Clement","L'Enfer"
"The Mamas & The Papas","The \"In\" Crowd"
"Natasha St-Pier","Je Fais Comme Si"
"Sarah McLachlan","Ben's Song"
"The Jacksons","Blame It On The Boogie"
"S Club 7","Two In A Million"
"Rihanna","Russian Roulette"
"Whitney Houston","It's Not Right But It's Okay"
"In-Grid","You kissed me"
"Natasha Bedingfield","Lay Down"
"Hazell Dean","Love Pains"
"Cascada","Evacuate The Dancefloor"
"Backstreet Boys","Movin' On"
"S Club 7","Cross My Heart"
"Charlotte Gainsbourg","Set Yourself On Fire"
"Phil Collins","If Leaving Me Is Easy"
"Charlotte Perrelli","Bullet"
"Shayne Ward","Until You"
"Nek","Serenidad"
"Sugababes","Stronger"
"Rea_ Chris","I'M In My Car"
"Magic Affair","Energy Of Light"
"Bjørn Eidsvåg","For Seint"
"Rihanna","Take A Bow"
"Charlotte Church","Moodswings (To Come At Me Like That)"
"Cuba Club","Suavemente"
"Ann Lee","2 Times"
"Bebe","La Bicha"
"Radio Futura","Escuela De Calor"
"Sarah Whatmore","Smile"
"Bananarama","The Wild Life"
"Rocco Nocera","Reaction"
"Carole King","Been To Canaan"
"POCAHONTAS","Where Do I Go From Here"
"The Dynamic Superiors","Nowhere To Run"
"Grace Jones","The Hunter Gets Captured By The Game"
"Adam Lambert","If I Had You"
"Racoon","Clean Again"
"Peter Sommer","8-6-6-0"
"Nena Daconte","No Paraba De Llover"
"George Michael","Round Here"
"Britney Spears","Freakshow"
"Kelly Clarkson","Since U Been Gone"
"Darren Hayes","Dublin Sky"
"Weird Al\" Yankovic","Party At The Leper Colony"
"Kelly Clarkson","Because Of You"
"KT Tunstall","Hold On"
"Ed Ames","My Cup Runneth Over"
"El Canto del Loco","La Suerte De Mi Vida"
"Gary Puckett & The Union Gap","Woman Woman"
"Duncan James","Letter To God"
"Whitney Houston","Run To You"
"Pet Shop Boys","Being Boring (2001 Digital Remaster)"
"Samantha Fox","To Be Heard"
"Michael Jackson","Love Is Here And Now You're Gone"
"C-Block","So Strung Out - Extended Version"
"The White Tie Affair","Allow Me To Introduce Myself...Mr. Right"
"Bethany Dillon","When You Love Someone"
"Scandinavian Music Group","Näin minä vihellän matkallani"
"Irene Grandi","Sotto Le Stelle"
"Bananarama","Really Saying Something"
"Las Ketchup","El neceser de mi Paco"
"Barry Manilow","I Made It Through The Rain"
"Kate Voegele","Sweet Silver Lining"
"2raumwohnung","Rette Mich Später"
"Britney Spears","Someday (I Will Understand) - Hi Bias Signature Radio Remix"
"Ania","Gangsta"
"Atomic Kitten","Get Real"
"Bay City Rollers","Rebel Rebel"
"Alcazar","Physical"
"Sara Groves","You Are Wonderful"
"Niccolò Fabi","Il Vento"
"Anna Järvinen","Kan Du Gå"
"Fancy","Slice Me Nice '98"
"Abba","The Piper"
"Tiziano Ferro","No Me Lo Puedo Explicar"
"Natalie Gauci","Apologize"
"Charlotte Church","The Water Is Wide"
"Ronan Keating","River"
"Spice Girls","Last Time Lover"
"Stacie Orrico","So Simple"
"Ricki-Lee","Sunshine"
"Eoghan Quigg","Does Your Mother Know"
"Heidi Montag","Fanatic"
"Mandisa","Little Drummer Boy"
"Merche","Y Si Ya No Estás"
"R.I.O.","After The Love"
"Sophie Zelmani","Fade"
"Anna Ternheim","I Say No"
"Avril Lavigne","Nobody's Fool"
"Yvonne Catterfeld","Glaub an mich"
"Zazie","Larsen"
"Céline Dion","Alone"
"La Oreja de Van Gogh","En Mi Lado Del Sofá"
"Mariah Carey featuring Westlife","Against All Odds (Take A Look At Me Now)"
"George Michael","Star People '97"
"Richard X Vs Liberty X","Being Nobody"
"Funkstar De Luxe","All The Time"
"David Archuleta","Running"
"Niels Frevert","Niendorfer Gehege"
"Herbert Grönemeyer","Schmetterlinge Im Eis"
"Atomic Kitten","Locomotion"
"Lee Ryan","Miss My Everything"
"Tiromancino","Amore Impossibile"
"Tata Vega","Get It Up For Love"
"Marquess","Dove ti porta"
"M People","Colour My Life"
"M People","Search For The Hero"
"Kelly Clarkson","Irvine"
"Samantha Mumba","Lately"
"The Pussycat Dolls","When I Grow Up"
"Abba","When All Is Said And Done"
"Gwen Stefani","The Real Thing"
"Leon Jackson","Don't Call This Love"
"Xavier Naidoo","Eigentlich gut"
"Bethany Dillon","Airplane"
"Alesha Dixon","I'm Thru"
"The Corrs","Confidence For Quiet (album version)"
"All Saints","Beg"
"The Nolans","Who's Gonna Rock You"
"PMMP","Lautturi"
"Backstreet Boys","Spanish Eyes"
"La Oreja de Van Gogh","El Ultimo Vals"
"Atomic Kitten","Feels So Good"
"Ace of Base","Dimension Of Depth"
"Loose Joints","Is It All Over My Face? (Female Vocal)"
"DJ Bobo","Love Is The Price"
"KC & The Sunshine Band","I Can't Forget"
"Jem","Save Me"
"Carpenters","Bless The Beasts And Children"
"Elisa","Happiness Is Home"
"Julee Cruise","The World Spins"
"Karla Bonoff","I Can't Hold On"
"Fat & Frantic","I Wish"
"Pur","Freunde"
"Justin Bieber","Stuck In The Moment"
"Robbie Williams","She's Madonna (Kris Menace Vocal Re-Interpretation)"
"Jessica Folcker","Hot Night"
"Rachel Stevens","So Good"
"Marsha Raven","That Jealous Sensation"
"Boyzone","Father And Son"
"Marco Masini","Vai Male A Scuola"
"Kim Carnes","Just To See You Smile"
"RyanDan","Like The Sun"
"Bucks Fizz","Another Night"
"Paris Hilton","Heartbeat (Album Version)"
"Louise","Love Will Bring You Back To Me"
"Siobhan Donaghy","Goldfish"
"Anne Linnet","Jeg Ka' Ik' Sig' Nej Til Dig"
"Daniel Bedingfield","Friday"
"Alex Party","Don't Give Me Your Life"
"The Hot Toddies","Ocean"
"Michael Jackson","2 Bad"
"Yvonne Elliman","If I Can't Have You"
"Scissor Sisters","Laura"
"All Saints","Trapped"
"Jessica Simpson","A Public Affair"
"Cher","What About The Moonlight"
"Cerrone","Hooked on you"
"Cher","Come To Your Window (1995 Digital Remaster)"
"Westlife","Total Eclipse Of The Heart"
"Delta Goodrem","Last Night On Earth"
"Lily Allen","Not Fair (Clean Radio Edit)"
"Louise","2 Faced"
"Dina Carroll","Falling"
"Sam Brown","Can I Get A Witness"
"A-Ha","What There Is"
"La Casa Azul","Chicle Cosmos"
"LU","Por Besarte"
"Daryl Hall","Money Changes Everything"
"East 17","Best Days"
"NU VIRGOS","Till The Morning Light"
"Mis-Teeq","Can't Get It Back (Ignorants Radio Edit)"
"Vita Chambers","Young Money"
"Justin Timberlake","LoveStoned/I Think She Knows"
"Evelyn \"Champagne\" King","Shame"
"The Fleetwoods","Runaround"
"Melendi","Los Premios Pinocho"
"Maroon 5","If I Never See Your Face Again"
"Britney Spears","Mannequin"
"Michael Jackson","Touch The One You Love"
"New Kids On The Block","One Song"
"Steps","Deeper Shade Of Blue"
"Alison Moyet","Love Letters"
"Maga","Agosto Esquimal"
"Belinda Carlisle","Deep Deep Ocean"
"Emma Roberts","Mexican Wrestler"
"Markus Krunegård","Lika barn leka bra"
"Lene Marlin","Leave My Mind"
"Kinnie Starr","Alright"
"Fyfe Dangerfield","She's Always A Woman"
"Bros","Silent Night"
"Weird Al Yankovic","Polka Power!"
"Carpenters","Love Is Surrender"
"Adie","Seek You"
"Melody Club","Cats In The Dark"
"Grégory Lemarchal","A Corps Perdu"
"Spice Girls","Walk Of Life"
"Burt Bacharach","Pacific Coast Highway"
"Abba","Voulez-Vous"
"Atomic Kitten","I Won't Be There"
"Corey Hart","Can't Help Falling In Love"
"David Archuleta","Angels"
"Cher","The Long And Winding Road"
"Boyzone","Love Me For A Reason"
"Boney M. 2000","Ma Baker"
"Selena Gomez & The Scene","Naturally"
"Kyle Riabko","Miss Behavin'"
"Marc Anthony","I Need You"
"Boney M.","Papa Chico"
"Atomic Kitten","Follow Me"
"Michael Jackson","Blood On The Dance Floor"
"Jurga","Pilnatis"
"Bertine Zetlitz","Wicked Wonderboys"
"Phil Collins","True Colours"
"Michelle Tumes","For The Glory Of Your Name"
"Kurt Nilsen","Last Day Of Summer"
"Bonnie Raitt","I Can't Make You Love Me"
"Village People","I Am What I Am"
"Scandinavian Music Group","Hölmö rakkaus"
"Wilson Phillips","It's Only Life"
"Lulu Lewe","Crush On You"
"Marc Lavoine","Même Si"
"2raumwohnung","Alles Aus"
"Deluxe","Tendremos Que Esperar"
"Olivia Ruiz","Non-Dits"
"Leigh Nash","Angel Tonight"
"Cristina Donà","Piccola Faccia"
"Carpenters","Jingle Bells"
"Mama Cass","Make Your Own Kind Of Music"
"Håkan Hellström","Ramlar"
"Cher","Rescue Me"
"Gwen Stefani / Johnny Vulture","Bubble Pop Electric"
"September","Looking For Love"
"Roxette","The Centre Of The Heart"
"A-Ha","Foot Of The Mountain"
"Stephanie Smith","Superstar"
"Middle Of The Road","Bonjour ca va"
"Bay City Rollers","You're A Woman"
"The Veronicas","4ever (E Smoove Club Edit)"
"The Caravelles","You Don't Have to Be a Baby to Cry"
"Abba","Al Andar"
"Shaila Dúrcal","No Sirvo Para Estar Sin Ti"
"Britney Spears","Thinkin' About You"
"Natasha Bedingfield","Drop Me In The Middle"
"Anastacia","Heavy Rotation"
"Sharleen Spiteri","Stop_ I Don't Love You Anymore"
"Barbara Dickson","I Don't Believe In Miracles"
"Jennifer Paige","Wasted"
"Topmodelz","Here I Go Again"
"Sean Lennon","Wasted"
"Eddie Fisher","Downhearted"
"Natural","Will It Ever"
"Sophie B. Hawkins","Damn I Wish I Was Your Lover"
"Jonas Brothers","Hello Beautiful"
"Alcazar","Start The Fire"
"Paula Koivuniemi","Sata kesää_ tuhat yötä"
"Lisa Hannigan","Splishy Splashy"
"Daniel Bedingfield","Somebody Told Me"
"Joe Yellow","Lover to Lover"
"Bertine Zetlitz","Midnight"
"Glenmark/Eriksson/Strömstedt","Natten Är Min Vän"
"Tony Christie","I Did What I Did For Maria"
"Lighthouse Family","Lifted"
"Five","Satisfied"
"Gazebo","Sun Goes down on milky way"
"Colbie Caillat","Capri"
"Kirsty MacColl","Titanic Days"
"Adam Faith","Someone Else's Baby"
"Five Star","If I Say Yes"
"Backstreet Boys","Crawling Back To You"
"Michael Jackson","I Can't Help It"
"Ace of Base","Voulez-Vous Danser"
"Amanda Lear","Brand New Love Affair Symphony"
"Darren Hayes","Words"
"Scissor Sisters","Might Tell You Tonight"
"Universal Poplab","Fire"
"Ivan Ferreiro","Cancion humeda"
"Savage Garden","Chained To You"
"Nancy Sinatra","Flowers On The Wall"
"Duncan James","Amazed"
"Dannii Minogue","Be Careful"
"Shakespears Sister","I Don't Care"
"Melody Club","Destiny Calling"
"KT Tunstall","Girl And The Ghost"
"Dan Hartman","Vertigo/Relight My Fire"
"Avril Lavigne","Hot"
"Billie Myers","You Send Me Flying"
"Dido","Grafton Street"
"Frankie Goes To Hollywood","Krisco Kisses"
"Barry Manilow","Weekend In New England"
"Chimène Badi","Pardonner"
"Boyzone","Words"
"Lily Allen","Never Gonna Happen"
"Shawn Phillips","A Christmas Song"
"Amber","Don't Say Goodbye"
"Diana Vickers","Once"
"Jonas Brothers","Got Me Going Crazy"
"Tommy Körberg","Judy min vän"
"Lara Fabian","J'Y Crois Encore"
"The Mamas & The Papas","Spanish Harlem"
"Benjamin Biolay","L'Appât"
"Samantha Mumba","Believe In Me"
"Jaki Graham","Step Right Up"
"Margo Guryan","It's Alright Now"
"Pastora","Planetes Marins"
"Alizée","Veni Vedi Vici"
"Backstreet Boys","Something That I Already Know"
"Scooch","The Next Step"
"Lori Meyers","Funcionará"
"The Salsoul Orchestra","Tangerine"
"Village People","Key West"
"B. J. THOMAS","Raindrops Keep Fallin On My Head"
"Monrose","Dangerous"
"Jens Friebe","Lawinenhund"
"Sunblock","I'll Be Ready"
"Jessica Simpson","I Belong To Me"
"Language of Flowers","Leaving"
"The Pussycat Dolls","Painted Windows"
"James Morrison","Wonderful World"
"Mariah Carey","Whenever You Call"
"Anna Järvinen","Boulevarden"
"Papas Da Língua","Viajar"
"Abba","Summer Night City"
"Lene Marlin","Maybe I'll Go"
"LMNT","Juliet (Top 40 Edit)"
"KC And The Sunshine Band","Queen Of Clubs"
"Melanie C","If That Were Me"
"All Saints","Too Nasty"
"George McCrae","I Can't Leave You Alone"
"Baccara","Parlez-Vous Francais"
"Alison Moyet","Whispering Your Name"
"Robbie Williams And Nicole Kidman","Somethin' Stupid"
"Ella Baila Sola","MAL HOTEL"
"Dido","Sand In My Shoes"
"Brigitte Bardot","C'Est Rigolo"
"Amy Cook","Sunshine"
"Hombres G","Todos menos tu"
"Ariane Moffatt","Farine Five Roses"
"Shangri Las","What Is Love"
"Esmée Denters","Outta Here"
"Duran Duran","We Need You"
"The Blow Monkeys","Man From Russia"
"Lasgo","Out Of My Mind"
"The Bangles","Song For A Good Son"
"Shugo Tokumaru","Mist"
"Laith Al-Deen","Ruhe"
"Max Gazzè","La Favola Di Adamo Ed Eva"
"Anna Abreu","Done With Her"
"Alcazar","Love Life"
"Jordin Sparks","One Step At A Time"
"Hilary Duff","Stranger"
"The Honeycombs","Have I The Right"
"New Kids On The Block","Merry_ Merry Christmas"
"Carol Douglas","Midnight Love Affair"
"Ann Lee","In You"
"Kirsty MacColl","There's A Guy Works Down The Chip Shop Swears He's Elvis"
"The Saturdays","Forever Is Over"
"Robin S","Show Me Love"
"Alcazar","Chemistry"
"Donna Summer","Stamp Your Feet"
"Sugababes","Shape"
"Anouk","Lost"
"Rickie Lee Jones","The Last Chance Texaco (LP Version)"
"Matt Nathanson","I Saw"
"Hilary Duff","Why Not"
"Helen Boulding","I Always Look This Blue"
"Annett Louisan","Das Gefühl"
"Unni Wilhelmsen","Autumn Dawning"
"Tina Dico","Warm Sand"
"Steve Angello & Laidback Luke Feat. Robin S","Show Me Love"
"Anthony Callea","Per Sempre (For Always)"
"Roxette","Stars (Almighty Dub)"
"J. Karjalainen Electric Sauna","Pienii askelii"
"Lily Allen","Alfie"
"Richard Marx","Ready To Fly"
"Ace of Base","Cruel Summer (Big Bonus Mix)"
"Cristina Donà","Give It Back (To Me)"
"Madonna","Get Together [Live] [Bonus Track]"
"Lionel Richie","Somewhere In London"
"DJ Bobo","Freedom"
"Boy George","Don't Cry"
"Ellie Goulding","Wish I Stayed"
"Lucie Silvas","Nothing Else Matters"
"Demi Lovato","U Got Nothin' On Me"
"The Saturdays","Just Can't Get Enough"
"Bic Runga","Beautiful Collision"
"Avalon","Let Your Love"
"Eros Ramazzotti","Amore Contro"
"Backstreet Boys","Helpless When She Smiles"
"Westlife","Fool Again"
"Baccara","Sorry I'm a Lady"
"Daniel Lavoie","Ils s'aiment"
"Hayley Westenra","Wuthering Heights"
"Jessica Simpson","If You Were Mine"
"Boomkat","Wastin' My Time"
"Britney Spears","Let Me Be"
"Mark Ronson featuring Daniel Merriweather","Stop Me"
"Lisa Miskovsky","Back To Stoneberry Road"
"All Saints","Rock Steady"
"Katharine McPhee","Open Toes"
"Lisa Miskovsky","Another Shape Of My Heart"
"Five","Keep On Movin'"
"The Pierces","The Way"
"Ace of Base","Beautiful Morning"
"Michael Jackson","The Girl Is Mine"
"Ben's Brother","God By Another Name"
"Benjamin Biolay","Tant Le Ciel Etait Sombre"
"Wayne Fontana / The Mindbenders","Pamela Pamela"
"Sophie Ellis-Bextor","Can't Have It All"
"Bucks Fizz","Run for Your Life"
"Marie Lindberg","Trying To Recall"
"The Monkees","I'll Spend My Life With You"
"Anna Ternheim","Girl Laying Down"
"Bodo Wartke","Ich trau' mich nicht"
"Duran Duran","All She Wants Is (Euro Dub Mix)"
"Nevio","Amore Per Sempre"
"Céline Dion","La voix du bon Dieu"
"Avril Lavigne","Nobody's Home"
"Despistaos","El silencio"
"ABC","15 Storey Halo"
"Céline Dion","Mon Homme"
"Joy Williams","God Only Knows"
"Vanessa Hudgens","Don't Ask Why"
"Son Of A Plumber","Come Back Tomorrow (And We Do It Again)"
"The Saturdays","Keep Her"
"Bette Midler","Just My Imagination [Running Away With Me]"
"Daniel Bedingfield","Sorry"
"Nellie McKay","Inner Peace"
"Subzonic","Ränn Nur Wäg"
"Anssi Kela","Milla"
"Jeans","Solo vivo para ti"
"Dina Carroll","Ain't No Man"
"Serge Gainsbourg","Juif Et Dieu"
"Annie","No Easy Love"
"Christina Aguilera","Dynamite"
"Nazan Öncel","A Bu Hayat"
"New Kids On The Block","You Got It (The Right Stuff)"
"Joan Armatrading","Wrapped Around Her"
"Marie Lindberg","Blame It On Fate"
"Michael Jackson","Everybody's Somebody's Fool"
"Vonda Shepard","The Man With The Bag"
"Backstreet Boys","Darlin'"
"Basia","The Sweetest Illusion"
"3LW","Curious"
"The Beach Boys","Do It Again"
"Justin Bieber","Never Let You Go"
"Las Ketchup","Un Blodymary"
"Sophie Ellis-Bextor","Music Gets The Best Of Me"
"Sinéad O'Connor","I Want To Be Loved By You"
"Alexia","The Music I Like"
"Jon Secada","Where Do I Go From You"
"Kathy Troccoli","Love Was Never Meant To Die"
"Sandi Thom","What If I'm Right"
"Arsenium","Love Me... Love Me"
"Boyzone","Stronger"
"Jean-Jacques Goldman","Je Voudrais Vous Revoir"
"Edyta Gorniak","The Day I Get Over You"
"The Four Pennies","Square Peg"
"Emily Loizeau","Sister"
"Luca Dirisio","Magica"
"Jamie Dee","Don't Be Shy"
"Kemopetrol","Overweight & Underage"
"Lisa Stansfield","Make Love To Ya"
"Guus Meeuwis","Ik Wil Je"
"Shooter","Life's A Bitch"
"Michael Jackson","Superfly Sister"
"Justin Bieber","One Time"
"Karen O And The Kids","All Is Love"
"Frederik","Linda Linda"
"H & Claire","Too Close To Tears"
"Newsboys","Stay Strong"
"Ray Dee Ohh","Love The One You're With"
"Kris Allen","Red Guitar"
"Kate Voegele","Talkin' Smooth"
"Pastora Soler","Ven A Mi"
"Damien Leith","22 Steps"
"Glen Campbell And Bobbie Gentry","Let It Be Me"
"Jenni Vartiainen","Elämänperhonen"
"Universal Robot Band","Barely Breaking Even"
"Michael Jackson","Who Is It"
"Wendy & Lisa","Tears Of Joy"
"Sheryl Crow","The First Cut Is The Deepest"
"Christina Aguilera","Come On Over Baby (All I Want Is You)"
"Movetron","Ristinolla"
"Yelle","Tu Es Beau"
"Dido","Honestly Ok"
"Tina Turner","Way Of The World"
"Espen Lind","All I Want Is An Angel"
"Sugababes","About You Now"
"Die Prinzen","Ich will dich haben"
"Patrick Nuo","Amazing"
"Nek","Non vale un addio"
"Benjamin Biolay","Kites (Les Cerfs-Volants - English Version)"
"Terry Stafford","Suspicion"
"Sonny & Cher","All I Ever Need Is You"
"Lara Fabian","Tout"
"Gloria Estefan","Cuts Both Ways"
"Anna Nalick","Catalyst"
"Jaime Camil","Mi Vida Sin Ti"
"Phantom Ghost","TO DAMASCUS"
"Bic Runga","Get Some Sleep"
"Eruption","Party Party"
"Nick Lachey","All In My Head"
"Terra Naomi","Flesh For Bones"
"Basia","Drunk On Love"
"Jennifer Paige","Best Kept Secret"
"Jessica Simpson","I Wanna Love You Forever"
"The Chap","Few Horoscope"
"Mira","Beste B.V."
"Frankie Valli & The Four Seasons","Who Loves You (LP Version)"
"Modern Talking","Lady Lai"
"Wonderwall","Dear Lifetime"
"Genki Rockets","Heavenly Star (Space Walk Remix)"
"Jessica Simpson","Loving You"
"Amii Stewart","Sean Sean"
"Erik Hassle","Hurtful"
"BWO","Angel Of Night"
"Liz Phair","Wind And The Mountain"
"Amy MacDonald","This Is The Life"
"Simply Red","Oh! What A Girl!"
"Cheryl Lynn","Got To Be Real"
"Dannii Minogue","Mighty Fine"
"David Jordan","Sun Goes Down"
"Curtis Stigers","I Keep Telling Myself"
"Imogen Heap","Hide & Seek"
"PeterLicht","Ich war mal Cowboy"
"PMMP","Kesäkaverit"
"Charlotte Martin","Steel"
"The Supermen Lovers","Starlight"
"Jessica Simpson","Push Your Tush"
"Freemasons","Heartbreak \"Make Me A Dancer"
"Kisha","Love Is Enough"
"Take That","Why Can't I Wake Up With You"
"D'Nash","I love you mi vida"
"Alex Baroni","La Voce Della Luna"
"Gwen Stefani","Orange County Girl"
"Patrick Nuo","Superglue"
"Pixie Lott","Cry Me Out"
"Florent Pagny","Savoir Aimer"
"Lene Marlin","My Lucky Day"
"MN8","I've Got A Little Something For You"
"Ronan Keating","Winter Song"
"Mitchel Musso","Us Against The World"
"Lunik","People Hurt People"
"Rachael Yamagata","Meet Me By The Water"
"Busted","What I Go To School For"
"Carly Simon","Too Soon to Say Goodbye"
"Darren Styles","Discolights"
"Cathy Dennis","West End Pad"
"Kelly Sweet","Caresse sur l'Ocean"
"Katerine","Treat Me Like A Lady"
"Boyzone","'Til The Sun Goes Down"
"Josh Groban","Alla Luce Del Sole (Album Version)"
"The Blue Nile","Stay"
"Neil Diamond","I Haven't Played This Song In Years"
"Cilla Black","Love Of The Loved"
"Rocazino","Jordskælv"
"The Bangles","Nickel Romeo"
"Tiktak","Kaikki hyvin"
"Burt Bacharach","Alfie"
"Christina Aguilera","Genie 2.0"
"El sueño de Morfeo","Cosas que diran"
"Veronica Maggio","I staden växer inga blommor"
"The Crystals","Da Doo Ron Ron"
"Blue System","Déjà vu"
"Kelly Key","Anjo"
"Natalie Imbruglia","WYUT"
"Kisha","I'll Be With You"
"Jessica Simpson","His Eye Is On The Sparrow"
"A-Ha","Less Than Pure"
"Rupaul","Snatched for the Gods"
"Madonna","American Life [Headcleanr Rock Mix]"
"Rupaul","Coming Out Of Hiding (Spectrum/Odyssey Mix)"
"Tasmin Archer","Sweet Little Truth"
"2raumwohnung","Mit viel Glück"
"Mutya Buena","Wonderful"
"Avalon","Wonder Why"
"Sheena Easton","Are You Man Enough"
"Kelly Clarkson","A Moment Like This"
"Londonbeat","Ordinary Summer"
"ABC","That Was Then But This Is Now"
"DJ Bobo","Together"
"Lucie Silvas","Alone"
"Lady Gaga / Beyoncé","Telephone"
"Acda & De Munnik","Het Geeft Niet"
"Five","It's All Over"
"Marquess","Que calor"
"Brother Beyond","I Should Have Lied"
"Frankmusik","Vacant Heart"
"Carly Simon","Coming Around Again"
"The Black Eyed Peas","I Gotta Feeling (Edit)"
"Cyndi Lauper","Sally's Pigeons"
"Samajona","Sag Es"
"Aki Sirkesalo","Parempaa Aikaa"
"LU","Sera"
"Frankie Valli & The Four Seasons","Big Girls Don't Cry (LP Version)"
"Tina Arena","Heaven Help My Heart"
"Christophe Willem","Kiss the bride"
"Kate Ryan","We Belong Together"
"Who da Funk","Shiny Disco Balls (feat. Jessica Eve)"
"Madonna","Celebration [Benny Benassi Dub]"
"Lucie Silvas","Don't Look Back"
"Mitchel Musso","(You Didn't Have To) Walk Away"
"KC And The Sunshine Band","(Shake Shake Shake) Shake Your Booty"
"Geri Halliwell","Mi Chico Latino"
"Lucio Dalla","Un Uomo Come Me"
"Natalie Imbruglia","Hurricane"
"Helen Boulding","Copenhagen"
"Kayah","Teren Zaminowany"
"Terra Naomi","Something Good To Show You"
"Cathy Dennis","The Date"
"Steps","If You Believe"
"Sugababes","Hole In The Head"
"Natasha St-Pier","Je Peux Tout Quitter"
"Ottawan","Hello Rio"
"Belinda Carlisle","Love In The Key Of C"
"Blackbelt Andersen","Lordag Del 1"
"Katy Perry","Waking Up In Vegas"
"Lisa Loeb","All Day"
"Dr Bombay","Shaky Snake"
"Anna Eriksson","Kun katsoit minuun"
"Teddy Geiger","Try Too Hard"
"Dr Bombay","My Sitar"
"Justin Bieber","Love Me"
"Utada","Tippy Toe"
"Carpenters","I Believe You"
"Christina Aguilera","Ain't No Other Man"
"Mama Cass","It's Getting Better"
"Michelle Gayle","Happy Just To Be With You"
"Ashley Tisdale","Be Good To Me"
"Spice Girls","Tell Me Why (Jonathan Peters Edit)"
"Jason Mraz","A Beautiful Mess [From A Raining Jane Sessions]"
"DJ Sammy & Yanou Feat. Do","Heaven"
"Sugababes","Freak Like Me"
"Mylène Farmer","Libertine"
"Phil Collins","The Times They Are A-Changin'  (LP Version)"
"Ana Carolina","Manhã"
"The Nolans","Every Home Should Have One"
"The Saturdays","Up"
"Emma Bunton","We're Not Gonna Sleep Tonight (Radio Mix)"
"Kathy Troccoli","I Call Him Love"
"Depeche Mode","Precious (Calderone & Quayle Damaged Club Mix)"
"Carnival","Not Over Yet"
"Lisa Hannigan","I Don't Know (Live)"
"Aaron Carter","I Just Can't Wait To Be King"
"DJ Bobo","This Is My Time"
"Julia Fordham","(Love Moves In) Mysterious Ways"
"Whitney Houston","So Emotional"
"Seal","Waiting For You"
"Carly Simon","Life Is Eternal"
"Kirsty MacColl","Angel"
"Hope Partlow","Who We Are"
"Ronan Keating","The Best Of Me"
"Neil Diamond","Have Yourself A Merry Little Christmas"
"Carly Simon","Quiet Evening"
"Enrique Iglesias / Kelis","Not In Love"
"Kym Marsh","Cry"
"Tarkan","Dudu"
"Gabriella Cilmi","Sweet About Me"
"Leona Lewis","The Best You Never Had"
"All Saints","Lady Marmalade (Sharp South Park Vocal Remix)"
"Bethany Dillon","Dreamer"
"Scissor Sisters","Music Is The Victim"
"Kelly Clarkson","Walk Away"
"Maldita Nerea","Cosas Que Suenan A..."
"Lily Holbrook","Three Inch Heels"
"Brothers Johnson","Strawberry Letter 23 (Album Version)"
"Lighthouse Family","High"
"Spice Girls","Take Me Home"
"Andy & Lucas","Mirame A La Cara"
"Burt Bacharach","What The World Needs Now Is Love"
"Sara Bareilles","Love Song"
"Fangoria","Criticar por criticar"
"Ace of Base","Never Gonna Say I'm Sorry - Sweetbox Funky Mix"
"Lisa Miskovsky","Mary"
"Kelly Key","Bad Boy - Remix"
"The Lilac Time","You've Got To Love"
"Rachel Stevens","I Will Be There"
"Rino Gaetano","Le Beatitudini"
"Army Of Lovers","Candyman Messiah"
"Tiny Dancers","20 To 9"
"Ulla Meinecke","Ein großes Herz"
"The Communards","Matter Of Opinion"
"The Duckworth Lewis Method","Jiggery Pokery"
"Lee Ryan","How Do I"
"Madleen Kane","Cheri"
"Rick Astley","Never Knew Love"
"The Chap","Obviously"
"Lindsay Lohan","Something I Never Had"
"Kate Voegele","I Get It"
"Uniting Nations","Do It Yourself (Radio Edit)"
"The Chordettes","Zorro"
"Céline Dion","Femme comme chacune"
"Genki Rockets","Heavenly Star (Aurora Remix)"
"Tony Moran","On The Edge"
"Enrique Iglesias","Ring My Bells"
"2raumwohnung","Bleib Doch Bis Es Schneit"
"Shawn Colvin","I'll Be Back"
"Backstreet Boys","That's What She Said"
"Joe Jonas","Gotta Find You"
"Kate Ryan","I Surrender"
"KT Tunstall","Little Favours"
"Tiago Iorc","Ticket to Ride"
"Vanessa Paradis","La Melodie"
"Selena Gomez & The Scene","I Don't Miss You At All"
"Elisa","Asile's World"
"Madison Avenue","Don't Call Me Baby"
"Modern Talking","Keep Love Alive"
"Julie Zenatti","(Tango) Princesse"
"Duran Duran","Zoom In"
"Di Leva","Vi har bara varandra"
"Mitchel Musso","Do It Up"
"Neil Diamond","America"
"Swing Out Sister","Surrender"
"La Casa Azul","La Gran Mentira"
"Black Box","Fantasy"
"Neneh Cherry","Kisses On The Wind"
"Chic","Good Times"
"Micheal Bolton","Steel Bars"
"Bløf","Schilder Me Rood"
"Cheryl Cole / will.i.am","3 Words"
"Louis Chedid","Triste et malheureux comme la pierre"
"Antti Tuisku","Ota Kuva"
"Jessica Simpson","I Have Loved You"
"Miguel Bosé","Linda"
"Amy MacDonald","Somebody New"
"Håkan Hellström","Uppsnärjd I Det Blå"
"Howard Jones","Straight Ahead"
"Gloria Gaynor","Reach Out I'll Be There"
"Ice Mc","Dark Night Rider"
"Engelbert Humperdinck","Spanish Eyes"
"Rupaul","Hollywood U.S.A. (Pigeon Forge Vocal)"
"Inner City","Good Life"
"Luca Carboni","Virtuale"
"Westlife","Drive (For All Time)"
"Feargal Sharkey","Bitter Man"
"Dubstar","My Start In Wallsend"
"Madonna","Angel (Album Version)"
"Maya Saban","Hautnah"
"Britney Spears","That's Where You Take Me"
"Cerrone","Je Suis Music"
"Tavares","Whodunit"
"Kris Allen","Let It Rain"
"Lucie Silvas","Twisting The Chain"
"The Mutton Birds","Dominion Road"
"Robbie Williams","The 80's"
"Perry Blake","These young dudes"
"Agnetha Fältskog","Past_ present and future"
"Sugababes","Too Lost In You"
"Whitney Houston & Deborah Cox","Same Script_ Different Cast"
"DJ Bobo","Tell Me When"
"A-Ha","Take On Me (Album Version)"
"FFH","Jesus Speak To Me"
"Jota Quest","Seis E Trinta"
"France Gall","A Banda (Zwei Apfelsinen im Haar)"
"the bird and the bee","Private Eyes"
"Maria Arredondo","Burning"
"Michael Jackson","Why You Wanna Trip On Me"
"Leona Naess","One Kind Of Love"
"Nick Jonas & The Administration","Olive & An Arrow"
"The Lemon Pipers","Green Tambourine"
"Right Said Fred","Hollywood Ending"
"Shawn Colvin","When You Know"
"Atomic Kitten","No One Loves You (Like I Love You)"
"Tristan Prettyman","Madly"
"La Casa Azul","Una Cosa O Dos"
"Lawrence Welk","Bubbles In The Wine"
"Nick Lachey","Beautiful"
"Charlie Gracie","I Looked For You"
"The Crystals","I Love You Eddie"
"McFly","Met This Girl"
"Frankee","Who The Hell Are You"
"Lindsay Lohan","Confessions Of A Broken Heart (Daughter To Father)"
"Army Of Lovers","I Cross The Rubicon"
"Johnny Mathis","99 Miles From L.A."
"Shakira","Animal City"
"Britt Nicole","How We Roll"
"A-Ha","To Let You Win"
"Amanda Ghost","Filthy Mind (Wicked Child Mix)"
"Britney Spears","Heart"
"Rebecka Törnqvist","While You Hesitate"
"Natalie Grant","I Am Not Alone"
"Kid Creole & The Coconuts","Love Train"
"Samantha Mumba","Don't Need You To (Tell Me I'm Pretty)"
"JJ","Intermezzo"
"Cyndi Lauper","I'm Gonna Be Strong"
"Die Prinzen","Mein bester Freund"
"Westlife","If I Let You Go"
"Evelyn \"Champagne\" King","I Don't Know If It's Right"
"Junior Senior","Rhythm Bandits"
"Emma Bunton","We're Not Gonna Sleep Tonight"
"THE CHIFFONS","Lucky Me"
"Johnny Logan","Hold Me Now"
"Robbie Williams","Sin Sin Sin (Single Version)"
"Jem","Amazing Life"
"Anna Abreu","Are You Ready"
"Pixie Lott","The Way The World Works"
"Sarah McLachlan","Have Yourself A Merry Little Christmas"
"Amy Pearson","Fool"
"Helen Reddy","I Didn't Mean To Love You"
"Chris De Burgh","Natasha Dance"
"Robbie Williams","The Actor"
"Joe Brown And The Bruvvers","A Picture Of You"
"Don Cornell","I'm Yours"
"The Chordettes","The Wedding"
"Natalie Imbruglia","Leave Me Alone"
"PMMP","Päät soittaa"
"Lene Marlin","Fight Against The Hours"
"Bethany Dillon","Aimless"
"Maroon 5","Makes Me Wonder"
"Jennifer Lopez","Do It Well"
"Anna Ternheim","A Voice To Calm You Down"
"Aly & AJ","I'm Here"
"Stephanie McIntosh","Sink Like A Stone"
"Paolo Nutini","Simple Things (album)"
"Ozark Henry","Jocelyn_ It's Crazy We Ain't Sixteen Anymore"
"Westlife","What Makes A Man"
"Atomic Kitten","Somebody Like You"
"Lighthouse Family","Lost In Space"
"The Trammps","Hold Back The Night"
"Lisa Stansfield","Set Your Loving Free"
"Lighthouse Family","Happy"
"Kym Marsh","Standing Tall"
"Rino Gaetano","Nel Letto Di Lucia"
"Aaron Carter","Without You (There'd Be No Me)"
"Let Loose","Seventeen"
"Engelbert Humperdinck","Les Bicyclettes De Belsize"
"Army Of Lovers","La Plage De Saint Tropez"
"McFly","No Worries"
"Veronica Maggio","Stopp"
"Carol Douglas","Doctors Orders"
"Dario G","Carnaval De Paris (12\" Mix)"
"Erasure","Lay All Your Love On Me"
"Ronan Keating","She Gets Me Inside"
"Moca","flotter tag"
"Hombres G","Solo Me Faltas Tu"
"Hepburn","Waiting For God"
"Natasha Bedingfield","Backyard"
"Lara Fabian","Le Tour Du Monde"
"Village People","5' O'Clock In the Morning"
"Big Money","Rich and Famous"
"PMMP","Synestesia"
"Pixie Lott","Band Aid"
"The Mamas & The Papas","Twelve Thirty (Young Girls Are Coming To The Canyon)"
"Nelly Furtado","Picture Perfect"
"Anna Järvinen","Koltrast"
"Cher","Alive Again"
"Kelly Clarkson","You Found Me"
"Fergie","Pedestal"
"Bananarama","Nathan Jones [Psycho 7\" Edit]"
"McFly","Star Girl"
"Lucio Dalla","4/3/1943"
"Rachel Stevens","Funky Dory"
"Amaral","De La Noche A La Mañana"
"Antti Tuisku","Salaisuus"
"Askil Holm","How Long Will I love You?"
"Cristina Donà","Risalendo"
"Kristin Chenoweth","There Will Never Be Another"
"Just Jack","Glory Days"
"Acda & De Munnik","Wees Niet Bang"
"Barry Manilow","Another Life"
"Ashlee Simpson","La La"
"Alphabeat","Fascination"
"Darren Hayes","Dirty"
"Kelly Sweet","Raincoat"
"Pet Shop Boys","Birthday Boy"
"Miguel Bose","Nena"
"Happoradio","Pois Kalliosta"
"Sister Sledge","We Are Family"
"Marte Wulff","Carousel (of love)"
"Demi Lovato","La La Land"
"Rupaul","My Love Sees No Color (Matheos' Dancin' Belly Mix)"
"Gloria Gaynor","Can't Take My Eyes Off Of You"
"Sophie Zelmani","Sorrow"
"Darlene Zschech","Miracle"
"Maria Mena","Miss You Love"
"Topmodelz","Your Love"
"Bløf","Opstand"
"Justin Timberlake Featuring T.I.","My Love"
"Jennifer Love Hewitt","BareNaked"
"Erik Hassle","First Time"
"Cher","Until It's Time For You To Go"
"Jean-Jacques Goldman","C'Est Pas Vrai"
"The Cardigans","Been It"
"Philipp Poisel","Unanständig"
"Wir Sind Helden","Wütend Genug"
"The Ronettes","Baby_ I Love You"
"Dschinghis Khan","Rocking Son Of Dschinghis Khan"
"Cloud One","Flying High"
"Jenni Vartiainen","Mustaa kahvia"
"Klee","Für immer"
"Neil Sedaka","Oh! Carol"
"Bird York","In The Deep (Edit)"
"Colbie Caillat","Bubbly"
"Mandy Moore","Indian Summer"
"Måns Zelmerlöw","Agent Zero"
"Backstreet Boys","Safest Place To Hide"
"Laith Al-Deen","Der Beginn"
"James Morrison / Nelly Furtado","Broken Strings"
"Robbie Williams","Don't Do Love"
"Fat & Frantic","Too Late"
"Natalie Bassingthwaighte","In His Eyes"
"Gloria Gaynor","Can't Take My Eyes Off You"
"Håkan Hellström","Jag Har Varit I Alla Städer"
"Clout","Tender Love"
"Belinda Carlisle","My Heart Goes Out To You"
"Benabar","Dis-Lui Oui"
"Lisa Stansfield","I'm Leavin'"
"Neil Diamond","Love On The Rocks"
"El Canto del Loco","Puede Ser"
"Lucy Woodward","What's Good For Me (T2 Vocal Up Album Version)"
"Worlds Apart","Sweet Joy"
"Peter Luts","The Rain"
"Alesha Dixon","Lipstick"
"Michael Jackson","Childhood (Theme From \"Free Willy 2\")"
"Ricki-Lee","Wiggle It"
"Abba","The Way Old Friends Do"
"Weird Al\" Yankovic","Virus Alert"
"KT Tunstall","Suddenly I See (Radio Version)"
"Westlife","Us Against The World"
"Alizée","J.B.G."
"Baltimora","Chinese Restaurant"
"Wayne Fontana","A Groovy Kind Of Love"
"Nena Daconte","(Cuando Mueren) Las Malditas Golondrinas"
"Hot Banditoz","Chucu Chucu (El Tren)"
"Delta Goodrem","Predictable"
"A-Ha","White Dwarf"
"Vanessa Carlton","Who's To Say"
"Jennifer Paige","Here in the Sun"
"Lucio Battisti","Nessun Dolore"
"Halvdan Sivertsen","Kjærlighetslandet"
"Maroon 5","Story"
"Céline Dion","If You Asked Me To"
"F.I.R.","Revolution"
"Britney Spears featuring Madonna","Me Against the Music"
"Julia Fordham","I Thought It Was You"
"Tina Turner","Addicted To Love (Live)"
"Cerrone","The only one"
"Manuel Carrasco","Cariño Esperame"
"Annie Lennox","Through The Glass Darkly"
"Cyndi Lauper","Someone Like Me"
"Cher","Song For The Lonely (Almighty mix)"
"The Jacksons","Don't Stop 'Til You Get Enough (Live from the 1981 U.S. Tour)"
"The Mamas & The Papas","Dedicated To The One I Love"
"Sugababes","Promises"
"Demi Lovato","This Is Me (Acoustic Full Version)"
"Emily Osment","I Don't Think About It"
"Mis-Teeq","All I Want"
"Spinvis","Op Een Ochtend In Het Heelal"
"Bizarre Inc","Playing With Knives [Quadrant Mix}"
"Siobhan Donaghy","Coming Up For Air"
"Fangoria","Ni contigo ni sin ti"
"Mandy Moore","Senses Working Overtime"
"Simone Cristicchi","Vorrei Cantare Come Biagio"
"Shakira","Men In This Town"
"Marmalade","Reflections Of My Life"
"Ann Lee","Top Of The World"
"Danser Med Drenge","Gør vi det godt nok?"
"Westlife","Leaving"
"Jann Arden","Ode To A Friend"
"Nichole Nordeman","Crimson"
"Samuele Bersani","Coccodrilli"
