"Adelitas Way","Scream"
"Big Brother & The Holding Company","Heartache People"
"Adam Ant","Something Girls"
"The Badloves","Slave"
"Planet P Project","Pink World"
"The Donkeys","Excelsior Lady"
"Beach House","Auburn and Ivory"
"Blue Rodeo","Floating"
"Tesla","Caught In A Dream"
"Pearl Jam","Not For You"
"Astroqueen","Brain Phase Voyage"
"Cloud Cult","Sane As Can Be"
"Camera Obscura","Double Feature"
"John Wesley","The Emperor Falls"
"The Suicide Machines","Burning In The Aftermath"
"The Rolling Stones","Angie (1993 Digital Remaster)"
"Man Man","The Ballad Of Butter Beans"
"Aldo Nova","Always Be Mine"
"The Monochrome Set","The Jet Set Junta"
"Francis Dunnery","Too Much Saturn"
"Alabama Thunderpussy","Hunting By Echo"
"Kings Of Leon","Wicker Chair"
"Marine Girls","Shell Island"
"Sing-Sing","I'll Be"
"R.E.M.","Fall On Me (Live)"
"The Kooks","One Last Time"
"The Hold Steady","Don't Let Me Explode"
"Van Halen","Panama (Remastered Album Version)"
"Gene","Mayday"
"Operator Please","Logic"
"Osanna","Oro Caldo"
"Kate Bush","Coffee Homeground"
"Queens Of The Stone Age","I Never Came"
"Biffy Clyro","Folding Stars"
"The Babys","Love Is Just A Mystery"
"Chris Bell","Speed Of Sound"
"People In Planes","Barracuda"
"Massimo Volume","La Notte Dell'11 Ottobre"
"Thin Lizzy","The Rocker"
"Sounds Like Violence","The Greatest"
"Matchbook Romance","My Eyes Burn (Album Version)"
"The Alternate Routes","Ain't No Secret"
"Orson","The Contortionist"
"Crash Test Dummies","My Enemies"
"Wolfmother","White Feather"
"The Verve Pipe","Medicate Myself"
"Robert Plant","Funny In My Mind (I Believe I'm Fixin' To Die)"
"Cazals","Comfortable Silence"
"Beangrowers","Depths Of Bavaria"
"Graham Nash","Try To Find Me"
"Porcupine Tree","Waiting"
"Cocteau Twins","In Our Angelhood"
"Foo Fighters","Hell"
"Okkervil River","A Favor"
"Soda Stereo","Te Hacen Falta Vitaminas"
"Lisa Germano","The Darkest Night Of All"
"Echolyn","The Cheese Stands Alone"
"Yazoo","Don't Go (Todd Terry's Freeze Mix)"
"Woods","How to Survive In"
"Traffic","Light Up Or Leave Me Alone"
"Badly Drawn Boy","Tickets To What You Need"
"The Smiths","The Boy With The Thorn In His Side"
"Primal Scream","Pills"
"Dare","Runaway"
"Pearl Jam","Inside Job"
"Ace Enders & A Million Different People","New Guitar"
"L.A. Guns","Bitch Is Back"
"Her Space Holiday","The Telescope"
"Mogwai","Stop Coming To My House"
"Lee Rocker","The Naked Bass"
"Say Anything","We Killed It"
"The (International) Noise Conspiracy","Washington Bullets"
"Test Icicles","Snowball"
"Heaven 17","(We Don't Need This) Fascist Groove Thang"
"Bruce Hornsby","Halcyon Days"
"Black Box Recorder","Uptown Top Ranking"
"Curved Air","It Happened Today"
"The B-52's","Wig"
"Lynch Mob","Rain"
"Phoenix","Fences"
"Hem","Have Yourself A Merry Little Christmas"
"Lydia Lunch","Black Juju"
"Familiar 48","Leaving"
"Ours","Chapter 2 (Money)"
"The Killers","Spaceman"
"Elvis Presley","Baby_ Let's Play House"
"Joel Alme","When Old Love Keeps You Waiting"
"David Kitt","Up To You"
"Moonsorrow","Ukkosenjumalan poika"
"Rage Against The Machine","Kick Out The Jams"
"Rory Gallagher","Lonely Mile"
"Pere Ubu","Ubu Dance Party"
"Dance With A Stranger","Long December Nights"
"Tantric","Walk Away"
"Jim Bob","God's Blog"
"Keane","Clear Skies"
"The Edgar Winter Group","Frankenstein"
"Extreme","Teacher's Pet"
"Blink-182","Not Now"
"Megavier","Extrem Schizophren"
"Guana Batz","Stylin'"
"Tasavallan Presidentti","INTRODUCTION"
"Clem Snide","All Green"
"Heart","Rockin' Heaven Down"
"Los Bunkers","Ultima canción"
"Placebo","English Summer Rain"
"Soda Stereo","Terapia De Amor Intensiva"
"Archers Of Loaf","Greatest of All Time"
"Odds","Night's Embrace"
"Bill Haley & His Comets","Rock Around The Clock"
"The Breeders","No Aloha"
"Standard Fare","Edges & Corners"
"The Monochrome Set","Alphaville"
"The Pernice Brothers","Dumb It Down"
"Living Things","Monsters of Man"
"Paul Revere & The Raiders","I Had A Dream"
"Little River Band","Man On Your Mind"
"Luscious Jackson","Water Your Garden"
"The Field Mice","When Morning Comes To Town"
"Assembly of Dust","Harrower"
"Hit The Lights","On and On"
"Gene Clark","Set You Free This Time"
"Charlie Mars","When The Sun Goes Down"
"Primus","Bob"
"Richie Sambora","Rosie"
"Griffin House","Lonely One"
"Huey Lewis & The News","I Want A New Drug"
"Roxy Music","Editions Of You"
"Camber","Hollowed-Out"
"Spock's Beard","Sometimes They Stay_ Sometimes They Go"
"The Cooper Temple Clause","Film Maker"
"Arzachel","Garden of Earthly Delights"
"The Zombies","I Know She Will"
"Brett Anderson","Frozen Roads"
"The Pop Group","Snowgirl"
"The Breeders","Safari"
"40 Grit","Intro"
"Eels","I Need A Mother"
"Steve Morse","Prognosis"
"Air Traffic","Just Abuse Me"
"Psapp","Chapter"
"Matthew Good","Avalanche"
"Flyleaf","Set Apart This Dream"
"Story Of The Year","Swallow The Knife (Live) (Segue)"
"Oasis","Morning Glory"
"Milburn","Send in the Boys"
"Jokke med Tourettes","Halv"
"All Time Low","Shameless"
"Kerbdog","Secure"
"Violent Femmes","American Music"
"Prototypes","Tir aux pigeons"
"Morrissey","Teenage Dad On His Estate"
"UFO","Chains Chains (Live In Hammersmith)"
"Fu Manchu","Sleestak"
"Figurines","Race You"
"Wire","Strange"
"G. Love","Ain't That Right"
"Poni Hoax","Crash-Pad Driver"
"Jet Set Satellite","The Best Way To Die"
"Stars","What I'm Trying To Say"
"Alison Moyet","Find Me"
"Public Image Ltd","Ease"
"Rise Against","Everchanging"
"The High Wire","Bodyclocks"
"The Warlocks","Death_ I Hear You Walking"
"Ensiferum","Warrior's Quest"
"Between The Trees","The Greatest of These (A Little Love)"
"A Static Lullaby","God Bless You (Goddamn it)"
"Eighteen Visions","Our Darkest Days"
"The Smithereens","Room Without A View"
"George Harrison","Hear Me Lord (2001 Digital Remaster)"
"Weezer","Don't Let Go"
"Santana","Stormy"
"Crash Test Dummies","A Worm's Life"
"Third Eye Blind","Danger"
"Europe","Hero"
"Gossip","Yr Mangled Heart"
"Stars of Track and Field","Fantastic"
"The Police","When The World Is Running Down_ You Make The Best Of What's Still Around"
"The Real Kids","Now You Know"
"Underoath","Anyone Can Dig A Hole But It Takes A Real Man To Call It Home"
"The Tremeloes","By The Way"
"Angeline","The Hardest Thing"
"The Ventures","Wipeout"
"Ellen Foley","What's A Matter Baby"
"Kings Of Leon","Knocked Up"
"Paul Weller","Hung Up"
"A Sunny Day In Glasgow","The Best Summer Ever"
"Nazareth","Please Don't Judas Me"
"The String Cheese Incident","Joyful Sound"
"Spiritualized","Step Into The Breeze (part 1)"
"Southern Culture On The Skids","Soulful Garage"
"Adrian Belew","Men In Helicopters"
"The Libertines","Tell The King"
"The Walker Brothers","Brand New Tennessee Waltz"
"Mission Of Burma","The Ballad of Johnny Burma"
"Alice Cooper","Step On You"
"The Rumble Strips","Sad City"
"The Clientele","K"
"Lou Barlow","Too Much Freedom"
"Os Catalepticos","Psychobilly Is All Around"
"Kaddisfly","New Moon Over Swift Water"
"Big Country","In A Big Country"
"Glenn Mercer","Two Rights"
"China Crisis","Red Sails"
"The Bats","Satellites"
"Radiohead","Airbag (Live In Berlin)"
"The Hellacopters","A Heart Without A Home"
"Collective Soul","Fuzzy"
"Rose Tattoo","No Mercy"
"Siena Root","Over The Mountains"
"The Blizzards","Trust Me I'm A Doctor"
"Boston","A Man I'll Never Be"
"Sielun Veljet","Liputtomat Laivat"
"Gemini Five","Here's Looking At You Kid"
"Rattlesnake Remedy","Freestyle"
"The Gun Club","Jack on Fire"
"Electric Light Orchestra","Above The Clouds"
"The Cooper Temple Clause","Take Comfort"
"Green Day","Wake Me Up When September Ends (Live at Foxboro_ MA 9/3/05)"
"Hope Of The States","The Red The White The Black The Blue"
"The Supernaturals","Love Has Passed Away"
"The Smashing Pumpkins","Honeyspider II"
"Frightened Rabbit","The Modern Leper"
"Placebo","Slave To The Wage"
"Santana","Batuka"
"The Radio Dept.","Closing Scene"
"Meteors","Cecil Drives a Combine Harvester"
"Mötley Crüe","Get It For Free"
"Jamie T","When They Are Gone (for Tim)"
"Lavender Diamond","When You Wake For Certain"
"Shakin' Stevens","Come See About Me"
"Cauterize","Shooting Stars"
"Brian Setzer","Glad All Over"
"Discover America","Stark Honesty"
"A.C.T","Concluding Speech"
"Joe Lynn Turner","Soul Searcher"
"Killerpilze","Wach auf"
"My Bloody Valentine","Sometimes"
"Sea Wolf","Winter Windows"
"Franz Ferdinand","Eleanor Put Your Boots On"
"Paal Flaata","Alabaster Jar"
"BigElf","Falling Bombs"
"Prohom","Mise En Bouche"
"Coffin Break","Regression"
"Elvis Presley","My Baby Left Me"
"Puddle Of Mudd","Nothing Left To Lose"
"The Exies","Creeper Kamikaze"
"GG Allin","I Live to Be Hated"
"The American Analog Set","Immaculate heart 2"
"Ima Robot","Creeps Me Out"
"3 Doors Down","It's Not Me"
"Emerson_ Lake & Palmer","Show Me The Way To Go Home"
"Hit The Lights","Breathe In"
"Pavement","Hands Off The Bayou"
"Geneva","Tranquillizer"
"Muse","Bedroom Acoustics"
"Any Trouble","Playing Bogart"
"Jefferson Airplane","It's No Secret"
"Yngwie Malmsteen","Devil In Disguise"
"Bryan Adams","Kids Wanna Rock"
"Darwin Deez","Radar Detector"
"Stars","The big fight"
"Herman Brood & His Wild Romance","Doin' It"
"Grand Island","Ghost In The Lighthouse"
"Radiohead","Subterranean Homesick Alien"
"Baby Teeth","Mighty Time"
"Breaking Benjamin","The Diary Of Jane (Acoustic)"
"Bloodhound Gang","Farting With A Walkman On"
"The Killing Moon","Subject A"
"Elvis Costello","13 Steps Lead Down"
"Stalingrad Cowgirls","Baby Girl"
"Elbow","Leaders Of The Free World"
"Monster Movie","Falling into the sun"
"Enchant","Defenseless"
"Nick Cave & The Bad Seeds","Still In Love"
"Shed Seven","Ocean Pie"
"Saosin","Bury Your Head"
"Bundle of Hiss","White"
"Lissy Trullie","Forget About It"
"Aberfeldy","Slow Me Down"
"Of Montreal","Requiem for O.M.M. (Album Version)"
"Nonpoint","Misled"
"The Bluetones","Autophilia Or How I Learned To Stop Worrying And Love My Car"
"Howling Bells","Setting Sun"
"Whispers In The Shadow","Nothing Stays Forever"
"Strangelove","Time For The Rest Of Your Life"
"Los Rodriguez","Mi Enfermedad"
"Carly Simon","It's Not Like Him"
"Orange Juice","Blue Boy"
"Close Lobsters","Gulp"
"Au Pairs","Ideal Woman"
"Klimt 1918","Rachel"
"Doves","Jetstream"
"The Smashing Pumpkins","Sinfony"
"Loney_ Dear","Where Are You Go Go Going To"
"Thousand Foot Krutch","The Invitation"
"The Moody Blues","Steppin' In A Slide Zone"
"Bright Light Fever","How Much Is That Gun?"
"Gary Moore","Rockin' Every Night (Live)"
"Mötley Crüe","You're All I Need"
"Onslaught","Power from Hell"
"Say Anything","Surgically Removing The Tracking Device"
"4LYN","The Phoenix Takeover"
"Blur","Star Shaped"
"Scorpions","Lonesome Crow"
"Nick Heyward","On A Sunday"
"The Fireman","Sun Is Shining"
"Whitesnake","Young Blood (2007 Digital Remaster)"
"Zeke","Hold Tight"
"Teitur","You're The Ocean"
"Tom Petty And The Heartbreakers","Mary Jane's Last Dance"
"Pavement","Tartar Martyr"
"Marc Ford","Feels Like Doin' Time"
"Scum of the Earth","Devilscum"
"Gemini Five","Sinners Parade"
"Mostly Autumn","Above The Blue"
"Ten Years After","Victim Of Circumstance"
"Michael Penn","Free Time"
"Heart","Rock And Roll"
"Thin Lizzy","Johnny"
"Neutral Milk Hotel","Someone Is Waiting"
"Daydream Nation","A Passing Notion"
"Yeah Yeah Yeahs","Zero"
"Argent","I Am The Dance Of Ages"
"Snow Patrol","Chocolate"
"Paul Revere & The Raiders","The Great Airplane Strike"
"The Beta Band","Simple"
"Idlewild","Quiet Crown"
"Adelitas Way","So What If You Go"
"Wanda Jackson","I Gotta Know"
"Barry Blue","Dancin' On A Saturday Night"
"Greg Weeks","Sleep Right"
"Bloodhound Gang","Nightmare At The Apollo"
"Alice In Chains","Brother"
"Roy Orbison","Running Scared"
"Broken Social Scene","Market Fresh"
"Eddie Money","Two Tickets To Paradise"
"Cracker","Shake Some Action"
"Au Revoir Simone","Only You Can Make You Happy"
"Photo Atlas","Red Orange Yellow"
"It Bites","Midnight"
"3 Doors Down","Sarah Yellin'"
"Lucky Boys Confusion","The Struggle (Getting Out Alive)"
"Sommerset","Coming Home"
"The Rapture","Killing"
"Hugo Largo","Ohio"
"Robert Plant","If I Were A Carpenter"
"Dinosaur Jr","On The Brink"
"Boys Night Out","Introducing"
"Millencolin","No Cigar (Live)"
"Simon Says","The chosen one"
"Tony Carreira","Sabes Onde Eu Estou"
"Lynch Mob","Through These Eyes"
"Living Things","Oxygen"
"Snow Patrol","Half The Fun"
"The Band","The Rumor (Live) (2001 Digital Remaster)"
"Sam Beeton","What You Look For"
"Third Eye Blind","Anything"
"Les Sexareenos","Ruby D."
"CC Cowboys","Litt av ditt hjerte"
"ZZ Top","Precious And Grace (LP Version)"
"Tommy James & The Shondells","Crimson And Clover"
"The Legends","Touch"
"Greg Dulli","Golden Boy"
"ALO (Animal Liberation Orchestra)","Shapeshifter"
"The Gerbils","(viii)"
"Whitesnake","Fool For Your Loving"
"Semisonic","If I Run"
"The xx","Basic Space (M.A.T.H.E.S. Remix)"
"Lyres","Busy Body"
"Art Brut","Emily Kane"
"Mad Crayon","Il suono dei ricordi"
"The Verve","No Come Down"
"Raga Rockers","Aldri Mer"
"Dangerous Toys","Scared"
"Slut","One More Day"
"The Dear Hunter","The Poison Woman"
"Tenacious D","Dio"
"Big Star","She's A Mover"
"The Wildhearts","Destroy All Monsters"
"The Flaming Lips","Pilot Can At The Queer Of God (LP Version)"
"Muse","City Of Delusion"
"The Rakes","Work Work Work (Pub Club Sleep)"
"Pato Fu","Gimme 30"
"Nick Heyward","She Says She Knows"
"Far Too Jones","Use Me"
"Quickspace","Walk Me Home"
"The Letter Black","Invisible"
"Joe Satriani","Devil's Slide"
"Atomic Rooster","Living Underground"
"E For Explosion","I Ain't Lost If I'm With You"
"Simple Minds","Careful In Career"
"Afterhours","Ballad For My Little Hyena"
"This Will Destroy You","Happiness: We're All In It Together"
"America","I Need You"
"Guns N' Roses","Mama Kin"
"dEUS","Jigsaw You"
"Zen Cafe","Kissa kuumalla katolla"
"Silverchair","Cicada"
"Luka Bloom","Sound"
"Pat Travers","The Big Event"
"Casiotone For The Painfully Alone","Rice Dream Girl"
"Mando Diao","Misty Mountains"
"Element Of Crime","Waiting For The Morning Train"
"Keaton Simons","Joseph"
"Danni Carlos","Sweet Child O' Mine"
"The Shaky Hands","Hold It Up"
"Die Toten Hosen","Die Homolka Kettensäge"
"Jesse James","South's Gonna Rise Again"
"Fire Engines","Discord"
"Ruins","Hail"
"Lynyrd Skynyrd","Truck Drivin' Man"
"Flat Duo Jets","It Doesn't Matter Anymore"
"Thin Lizzy","Black Boys On The Corner"
"Pete Townshend","Heart To Hang Onto"
"The Jazz Butcher","Partytime"
"Dressy Bessy","I Saw Cinnamon"
"And Also the Trees","Mermen of the Lea"
"The String Cheese Incident","Wake Up"
"The Smithereens","Deep Black"
"Donna The Buffalo","Tides Of Time"
"Tesla","So What!"
"The Rolling Stones","Heart Of Stone"
"Joe Cocker","There Goes My Baby"
"Frijid Pink","Heartbreak Hotel"
"Death From Above 1979","Romantic Rights"
"Foo Fighters","If Ever"
"The Yardbirds","Good Morning Little Schoolgirl"
"Shadow Gallery","Time"
"Ours","Ran Away To Tell The World"
"Mamonas Assassinas","Lá Vem O Alemão"
"Train","Give Myself To You"
"Falling Up","Fearless"
"Borialis","Can't Break This Man"
"Open Hand","The Ambush"
"Janove Ottesen","Down To The Vertigans"
"Mando Diao","P.U.S.A."
"The Hives","Uptempo Venomous Poison"
"Cloudland Canyon","Opening / Ice Of Rift"
"King of Prussia","Misadventures of the Campaign Kids"
"Bombay Bicycle Club","Sixteen"
"Giant Drag","Kevin Is Gay"
"Venus","Wanda Wultz"
"Krokus","Hellraiser"
"Of Montreal","Oslo in the Summertime"
"Nickelback","Next Contestant (Album Version)"
"Ben Folds Five","Philosophy"
"Monster Magnet","CNN War Theme"
"Falling Up","Cascades"
"Nirvana","Heart-Shaped Box"
"Yeah Yeah Yeahs","Heads Will Roll"
"fIREHOSE","Tien An Man Dream Again"
"Archers Of Loaf","Wrong"
"Gun Club","Preaching the blues"
"The Black Crowes","Nonfiction"
"Mat Kearney","Never Be Ready"
"Ozric Tentacles","It's A Hup Ho World"
"Hit The Lights","Hangs Em High"
"Wake Ooloo","Fun To Be Happy"
"Best Fwends","Skate or Live"
"Pete And The Pirates","Bright Lights"
"Dif Juz","Mi"
"Thee Headcoats","The Day I Beat My Father Up"
"Mercury Rev","Boys Peel Out"
"Faker","Enough"
"The Applejacks","Kansas City"
"Pere Ubu","Oh Catherine"
"Silverchair","Suicidal Dream"
"U2","New York"
"Sweet","Do It All Over Again"
"Antony & The Johnsons","Cripple and the Starfish"
"Unwound","Off This Century"
"Bread","Make It With You"
"Jefferson Airplane","Blues From An Airplane"
"The Rolling Stones","Lady Jane"
"Sleep","Jerusalem (Pt. 2)"
"The Buckinghams","Makin' Up And Breakin' Up"
"Au Pairs","Shakedown"
"Alien Ant Farm","Quiet"
"Phil Spector","Spanish Harlem"
"The Most Serene Republic","Proposition 61"
"Asobi Seksu","Strawberries"
"Erase Errata","He Wants What's Mine"
"Dr. Hook","The Radio"
"The Moody Blues","Long Summer Days"
"Ringo Starr","Where Did Our Love Go"
"Bryan Adams","Let's Make A Night To Remember"
"The Style Council","Spin' Drifting"
"Vain","Running On Empty"
"Tanya Donelly","Life Is But A Dream"
"Snow Patrol","Shut Your Eyes"
"M","Close To Me"
"'Til Tuesday","No More Crying"
"Kiss","God Gave Rock 'N' Roll To You II"
"Ghost of the Russian Empire","The Black Mark"
"Dion","It'S All Over Now_ Baby Blue"
"Honeymoon Suite","All Along You Knew"
"Hellogoodbye","Shimmy Shimmy Quarter Turn (Take It Back To Square One)"
"Stuck In The Sound","Waste"
"The Boomtown Rats","Kicks"
"All Star United","Pretty Famous"
"Chubby Checker","Pony Time"
"Muse","Stockholm Syndrome"
"Archie Bronson Outfit","Kangaroo Heart"
"The Velvet Underground","I Heard Her Call My Name"
"Hermano","Bona-Fide"
"Matthew Good","House of Smoke and Mirrors"
"The Killers","Show You How"
"The Alan Parsons Project","Eye Pieces"
"Queens Of The Stone Age","In My Head"
"David Bowie","Space Oddity (1997 Digital Remaster)"
"Aerosmith","Lord Of The Thighs"
"Los Straitjackets","Rockula"
"Enter the Haggis","Skyswimmer"
"Filter","Hatred Is Contagious"
"Deborah Harry","Comic Books"
"Big Star","Try Again"
"Jools Holland","In The Heat Of The Night"
"Helmet","Your Head"
"Nine Black Alps","Happiness & Satisfaction"
"The Bonzo Dog Doo Dah Band","Music For Head Ballet"
"Dr. Hook","Penicillin Penny"
"Paul Colman Trio","Your Man"
"Inner City Unit","Gas Money"
"Chris Farlowe","Paint It Black"
"The Kills","Getting Down"
"Tilly & The Wall","Shake It Out"
"Van Morrison","Goodbye George"
"Kivimetsän Druidi","Halls Of Shadowheart"
"Bruce Springsteen","Magic"
"Failure","Saturday Saviour"
"Spear Of Destiny","Grapes Of Wrath"
"MC5","Miss X (LP Version)"
"Kivimetsän Druidi","The Tyrant"
"Coheed and Cambria","Welcome Home"
"Nacho Vegas","Sólo Viento"
"Bruce Springsteen","Roll Of The Dice"
"Stereolab","Brigitte"
"Joe Lynn Turner","Second Hand Life"
"Warrant","Cherry Pie"
"Dada","If Tears Were Balloons"
"Ludov","Rubi"
"Local Natives","Camera Talk"
"Tonic","Where Do I Fit"
"Municipal Waste","Blood Drive"
"The Get Up Kids","Never Be Alone"
"Genesis","Going Out To Get You (Demo 1969)"
"The Chameleons","Don't Fall"
"Lords Of The New Church","Holy War"
"Darwin's Waiting Room","Feel So Stupid (Table 9)"
"Flat Duo Jets","Sing Sing Sing"
"Ann Wilson / Alison Krauss","War Of Man"
"Oingo Boingo","Grey Matter"
"Night Ranger","Rockstar"
"The Quireboys","Misled"
"Times New Viking","Fashion to Talk About the Moon"
"Trashmonkeys","Simple Story"
"King's X","Manic Moonlight"
"Gemma Hayes","Home"
"The Electric Soft Parade","If That's The Case_ Then I Don't Know"
"Justin Sane","We Found A Place"
"Daniel Landa","Tradice"
"Hatcham Social","Crocodile"
"China Drum","God Bets"
"Thursday","Signals Over The Air"
"Seven Places","We're Almost There"
"Last Days Of April","Tears On Hold"
"Aerosmith","Angel"
"The Pineapple Thief","Snowdrops"
"The Last","Century City Rag"
"House Of Lords","Rock Bottom"
"Placebo","Hardly Wait"
"Mott The Hoople","Keep A'Knockin' (Live at Fairfield Halls_ Croydon_ London)"
"Muse","Exogenesis: Symphony Part 1 [Overture]"
"The New Pornographers","Unguided"
"Troubled Hubble","Ear Nose & Throat"
"Reverend And The Makers","Long Long Time"
"Sick Puppies","Master Of The Universe"
"Talk Talk","Talk Talk (Demo Version)"
"Radiohead","Pop Is Dead"
"Tankcsapda","Vigyetek Haza"
"Orson","Broken Watch"
"Awesome Color","Eyes of Light"
"War Tapes","Love Me"
"The Fray","Vienna"
"Furthest Drive Home","Forget His Facade"
"CMX","PYÖRIVÄT SÄHKÖKONEET`04"
"Tiger Lou","Nixon"
"Tenacious D","Kickapoo"
"The Runaways","Neon Angels On The Road To Ruin"
"The Last Shadow Puppets","Black Plant"
"The Rolling Stones","Time Is On My Side"
"Pillar","Rewind"
"Peter Bradley Adams","Unreconciled"
"Godsmack","Re-Align"
"Criteria","The Life"
"At The Drive-In","Rascuache"
"Kerry Livgren","Mask Of The Great Deceiver"
"Dexys Midnight Runners","Until I Believe In My Soul"
"Kent","Ingenting"
"Joel Alme","So Used To Be Saved"
"Black Kids","I've Underestimated My Charm (Again)"
"Jack Johnson","You And Your Heart"
"The Divorce","The Man Moan"
"The Champs","Tequila (Original)"
"Blue October","My Never"
"Ed Harcourt","Apple Of My Eye"
"Jimi Hendrix","Fire"
"Ben Folds Five","Your Redneck Past"
"Blondie","Rapture (2001 Digital Remaster)"
"Splender","Special"
"Green Apple Quick Step","Dirty Water Ocean (2006 Remastered LP Version)"
"Poverty's no Crime","From A Distance"
"The Divine Comedy","Charge"
"Foo Fighters","X-Static"
"Cat Stevens","Daytime"
"Pursuit Of Happiness","Hard To Laugh"
"Wesley Willis & The Dragnews","Verbal Assault"
"Brakes","Isabel"
"Bryan Adams","Hearts On Fire"
"Alice Cooper","The Great American Success Story"
"Maija Vilkkumaa","Ingalsin Laura"
"Brand New","Luca"
"Eppu Normaali","KALJANLANTTAUSLAULU"
"Snow Patrol","Chasing Cars"
"Louise Attaque","La Plume"
"Placebo","Where Is My Mind (XFM Live Version)"
"Queens Of The Stone Age","This Lullaby"
"Senser","Formula Milk"
"Bob Luman","Red Hot"
"Cream","White Room (Live Album Version)"
"Los Piratas","Ultrasónica"
"Classic Case","Devil's Advocate"
"Francis Dunnery","The Ava Song"
"The Black Noodle Project","Garden of Delights"
"Ben Kweller","Magic"
"10_000 Maniacs","Please Forgive Us (LP Version)"
"Cranes","Jewel"
"Vaselines","Teenage Superstars (Album)"
"The Gaslight Anthem","Film Noir"
"The Thermals","A Passing Feeling"
"Skillet","Rebirthing (Album Version)"
"Dawn Landes","Scars"
"Wake Ooloo","Maybe Next Time"
"2 Skinnee J's","Irresistible Force"
"Jon Lord","Sunrise"
"Alice In Chains","Sickman"
"American Music Club","The Right Thing"
"Screaming Trees","Dime Western"
"Sleeping At Last","Slowly_ Now"
"Nickelback","Follow You Home (Album Version)"
"Transfer","Enojado"
"Sydän_ sydän","Viha ei kuihdu koskaan"
"Lenny Kravitz","Lady (radio edit)"
"Cymbals Eat Guitars","Share"
"Brendan Benson","How 'Bout You"
"Toto","Hold The Line"
"Sugarplum Fairy","Let Me Try"
"Matthew Good","Big City Life"
"Melissa McClelland","When The Lights Went Off In Hogtown"
"Gripin","Böyle Kahpedir Dünya"
"Sky","Where Opposites Meet"
"38 Special","Teacher_ Teacher"
"The Frank And Walters","City Lights"
"Mark Sultan","We're Sinking"
"Super Furry Animals","The Undefeated"
"The Pineapple Thief","Boxing Day"
"Tom Vek","The Lower The Sun"
"Dumdum Boys","Sherwoodskogen"
"Harem Scarem","Something To Say"
"Razorlight","In The Morning"
"The Humpers","13 Forever"
"Al Kooper","I Got A Woman"
"Dashboard Confessional","The Secret's In The Telling"
"Lucybell","Luces no bélicas"
"Apulanta","006"
"All Time Low","Umbrella"
"Jordan Rudess","Tear Before the Rain"
"Delta 5","Shadow"
"Air Supply","Every Woman In The World"
"Hermano","Adoption Boy"
"Kenso","Sora ni hikaru"
"The Unicorns","Ready To Die"
"My Chemical Romance","House Of Wolves (Album Version)"
"Wheat","Can't Wash It Off"
"Sleepy LaBeef","Good Rockin' Boogie"
"The Mad Capsule Markets","-start ID-"
"The Dirtbombs","Fox Box"
"Alice Cooper","This House Is Haunted"
"The Flower Kings","Painter"
"Meg & Dia","Setting Up Sunday (Album Version)"
"The Frozen Autumn","Evening Falls"
"Aiden","Killing Machine"
"Ill Nino","All I Ask For (Album Version)"
"Alchemist","Austral Spectrum"
"Elton John","I've Seen The Saucers"
"Joey Tempest","Right To Respect"
"The Walkmen","Little House Of Savages (Album Version)"
"Red Rider","Lunatic Fringe"
"Veto","Reset"
"Janis Joplin","Get It While You Can"
"The Von Bondies","Chancer"
"David Cook","I Did it for You"
"Planetshakers","Majesty"
"The Hives","Tick Tick Boom"
"Cazuza","O Nosso Amor A Gente Inventa (Estória Romântica)"
"Liars","A Visit From Drum"
"The New Cars","Just What I Needed"
"Moev","Sadistic Years"
"The Dickey Betts Band","Duane's Tune"
"Joe Satriani","Cool #9"
"My Dad Is Dead","Anti-Socialist"
"The Wedding","Say Your Prayers (New Version)"
"Radio 4","Caroline"
"Johnny Thunders","In Cold Blood"
"The Bristols","I'll Be Gone"
"Failure","Bernie"
"OneRepublic","Good Life"
"Dean & Britta","Knives from Bavaria"
"Highspire","No Day Like Today"
"Astrosoniq","Play It Straight"
"The Human League","Are You Ever Coming Back?"
"Nick Lowe","So It Goes"
"White Lion","If My Mind Is Evil"
"Dangerous Toys","Teas'n Pleas'n"
"Eels","Flower"
"Cocteau Twins","Pale Clouded White"
"The Black Crowes","Girl From A Pawnshop"
"Billy Idol","Body Snatcher"
"Country Joe & The Fish","I Feel Like I'm Fixin To"
"Les Claypool","Amanitas"
"Steve Vai","Angel Food"
"K's Choice","My Record Company"
"2 Skinnee J's","3 Minutes"
"Voxtrot","Biggest Fan"
"Wang Chung","Dance Hall Days"
"Pallas","Throwing Stones At The Wind"
"Foo Fighters","Razor"
"Five Horse Johnson","I Can't Shake It"
"Li'l Cap'n Travis","Regatta"
"The Breeders","Walk It Off"
"The Kissaway Trail","New Year"
"Mudhoney","It Is Us"
"Titãs","É Bom Desconfiar"
"The Smiths","Girlfriend In A Coma"
"The Courteeners","Not Nineteen Forever"
"Mink DeVille","She's So Tough"
"Ours","Broken"
"The Proclaimers","The Long Haul"
"Common Rotation","Dancer (live)"
"Shinobu","T-t-t-trepanning"
"Stars","Reunion"
"Cake","Alpha Beta Parking Lot"
"Gustavo Cerati","Amo Dejarte Asi"
"Isildurs Bane","Unity"
"REO Speedwagon","Keep On Loving You"
"Jefferson Airplane","Let Me In"
"Matmatah","L'apologie"
"Moonbabies","Take Me To The Ballroom"
"Andres Calamaro","El Novio Del Olvido"
"Tesla","The Way It Is"
"Bombay Bicycle Club","The Hill"
"Mogwai","I Do Have Weapons"
"Annuals","The Bull and The Goat"
"The Goldstars","It's All About You"
"Adam Faith","Who Am I"
"Lifer","Boring"
"Patrick Rondat","Just For Fun"
"Tesla","Signs"
"The Pink Spiders","Modern Swinger"
"Say Hi","Bluetime"
"Funeral For A Friend","Crash And Burn [Home Demo]"
"Starship","Stranger"
"Moby Grape","Truly Fine Citizen"
"Joe Satriani","Echo"
"David Cassidy","Ricky's Tune"
"Galaxie 500","Spook"
"Mojave 3","Sarah"
"The Bakerton Group","The Gigantomakhia"
"Nude Girls","Genie"
"Uriah Heep","Wake The Sleeper"
"Our Lady Peace","Lying Awake"
"Write This Down","Renegade"
"Smashing Orange","Any Further_ It's All Over"
"Paloalto","Seed"
"Heavy-Current","Ratrace"
"The Afghan Whigs","66"
"The Mary Timony Band","Curious Minds"
"Tom Waits","Black Market Baby"
"Glenn Mercer","Days To Come"
"The Dead 60s","Nationwide"
"Babyshambles","Monkey Casino"
"Spiritualized","I Think I'm In Love"
"April Wine","Say Hello"
"Element Of Crime","Beware Of Strangers"
"Houston Calls","A Shot In The Dark"
"The Cardigans","Paralyzed"
"Dictators","Weekend"
"Oasis","Don't Go Away"
"Alice Cooper","School's Out"
"Fightstar","Waste A Moment"
"Kaleidoscope","The Sky Children"
"Hassisen Kone","Rappiolla"
"The Police","Wrapped Around Your Finger"
"Unsane","D Train"
"Papercuts","Unavailable"
"Ween","How High Can You Fly"
"The Jesus And Mary Chain","Reverence"
"Unwound","Everything Is Weird"
"Malajube","Casablanca"
"Atlas Sound","Bite Marks"
"Los Natas","Hey Jimmy"
"U2","FEZ-Being Born"
"Splender","Save It For Later"
"Orange Juice","Blokes On 45"
"Nando Reis","Relicário"
"The Calling","For You"
"Little Richard","Goodnight Irene"
"David Essex","Rolling Stone"
"Pursuit Of Happiness","Down On Him"
"Theory Of A Deadman","Wait For Me"
"Airiel","The Release"
"Wax","Systematic"
"Nicolette Larson","Lotta Love"
"Frantic Flintstones","Frantic Flintstones"
"Fall Out Boy","The Carpal Tunnel Of Love"
"Colour Revolt","See It"
"The Durutti Column","Saudade"
"Tantric","Coming Undone"
"Aberfeldy","Something I Must Tell You"
"White Hills","Return Of Speed Toilet"
"Ben Folds","There's Always Someone Cooler Than You"
"The Fourmost","You Got That Way"
"Umphrey's McGee","Words"
"Ted Nugent","Little Red Book"
"Hundred Reasons","Savanna"
"British Sea Power","True Adventures"
"David Bowie","When I Live My Dream"
"Korn","Make Me Bad"
"Frankie Ford","Sea Cruise"
"Ocean Colour Scene","Debris Road"
"Ry Cooder","I Like Your Eyes"
"Duran Duran","The Reflex (7'' Version)"
"The Outlaws","There Goes Another Love Song"
"The Dykeenies","Waiting For Go"
"James Taylor","One More Go Round"
"Robert Wyatt","A Beautiful War"
"Big Sugar","Goodbye Train"
"Styx","High Time"
"The Bank Holidays","This Elated Height"
"The Whitlams","Cries Too Hard"
"The Rumble Strips","Douglas"
"Coldplay","One I Love"
"Frog Eyes","Masticated Outboard Motors"
"Andrew W.K.","Don't Call Me Andy"
"Senser","Bomb Factories"
"Die Kassierer","Das Lied vom Hass"
"CALLA","Mother Sky"
"Hurricane","I'm On To You"
"Throwing Muses","Cowbirds"
"Rush","The Analog Kid"
"Mötley Crüe","Wild Side"
"The Runaways","Rock N Roll"
"Shocking Pinks","This Aching Deal"
"Pearl Jam","4/20/02"
"Interpol","Wrecking Ball"
"Marquis De Sade","Boys-Boys"
"Toyah","Neon Womb"
"Lunachicks","Mmm Donuts"
"Sister Hazel","Cerilene"
"The Soft Pack","Tides Of Time"
"Biffy Clyro","That Golden Rule"
"Crabby Appleton","Go Back"
"Remi Nicole","Rock N Roll"
"War Tapes","She Lied"
"Golden Smog","Pecan Pie"
"The Bees","The Russian"
"Small Black","Pleasant Experience"
"Candlebox","Lover Come Back To Me"
"Yeah Yeah Yeahs","Maps"
"Dinosaur Jr.","Been There All The Time"
"Krokus","Hoodoo Woman"
"Asteria","Just Enough To Make It Just"
"Jefferson Airplane","Volunteers"
"X-Wife","Fireworks"
"Steely Dan","Come Back Baby"
"Liz Phair","Giving It All To You"
"Suggs","I'm Only Sleeping"
"The King Khan & BBQ Show","Tastebuds"
"The Feelies","Loveless Love"
"Alice In Chains","I Know Somethin (Bout You)"
"Centro-matic","A Critical Display Of Snakes"
"Turin Brakes","Future Boy"
"Thin Lizzy","For Those Who Love To Live"
"L.A. Guns","Magdalaine"
"Butthole Surfers","Wichita Cathedral [live]"
"Janis Joplin","Piece Of My Heart"
"Divlje Jagode","Mojoj ljubavi"
"Spirit of the West","Slow Learner"
"Peter Gabriel","Signal To Noise"
"Mojo Nixon","I Wanna Race Bigfoot Trucks"
"The Audition","The Running Man"
"Janove Ottesen","Francis' Lonely Nights"
"The Blue Nile","Soon (Album Version)"
"Cheater Slicks","You Ain't Good"
"Bon Jovi","I Love This Town"
"Screaming Trees","Witness"
"Jefferson Airplane","Tobacco Road"
"Andrew W.K.","Can You Dance With Me?"
"Lucybell","Rojo Eterno"
"Love","A House Is Not A Motel"
"Vincent Gallo","I Wrote This Song For The Girl Paris Hilton"
"The Lapse","The Speeding Train"
"Eels","Everything's Gonna Be Cool This Christmas"
"The Sharks","Skeleton rock"
"Cheap Trick","You're All Talk"
"Jimmy Eat World","Digits"
"The Detroit Cobras","Breakaway"
"The Smiths","Meat Is Murder [Live at Oxford Apollo 18/3/85]"
"Three Dog Night","The Show Must Go On"
"Jack Off Jill","Horrible"
"Soft Cell","Say Hello_ Wave Goodbye"
"The Dirty Projectors","D. Henley's Dream"
"New Fast Automatic Daffodils","Missing Parts Of Famous People"
"K's Choice","Another Year"
"Kingdom Come","Perfect O"
"John Hiatt","Memphis In The Meantime"
"Western Addiction","Animals And Children"
"Magic Pie","Without Knowing Why"
"Silmarils","Communication"
"Ivy","Kite"
"The Awesome Machine","No Share"
"White Lion","Love Don't Come Easy"
"The Tragically Hip","The Drop-Off"
"Sui Generis","Bubulina"
"Premiata Forneria Marconi","Weekend"
"Dusty Rhodes and the River Band","Street Fighter"
"Department S","Clap Now"
"Verdena","Buona risposta"
"Mike And The Mechanics","Nobody's Perfect"
"Killing Joke","The Wait"
"Husker Du","Too Far Down"
"In Extremo","Vollmond"
"Junction 18","Turnabout"
"Lostprophets","We Still Kill The Old Way"
"Hooters","Lucy In The Sky With Diamonds"
"Puhdys","Perlenfischer"
"Jeff Beck Group","Jody"
"Small Leaks Sink Ships","Truth Of Transition"
"Godsmack","Straight Out Of Line"
"Dispatch","Drive"
"Boy Kill Boy","Kidda Kidda"
"Year Long Disaster","Stranger In My Room"
"We The Kings","Don't Speak Liar"
"Téléphone","Crache Ton Venin"
"Seventh Key","Always From The Heart"
"Skitzo","Lonesome train"
"Elvis Costello / Elvis Costello & The Attractions","Busy Bodies"
"Nick Cave & The Bad Seeds","Rock Of Gibraltar"
"Red Elvises","Closet Disco Dancer"
"Nina Hagen","Move Over"
"The Aislers Set","Why Baby"
"Steely Dan","Doctor Wu"
"Neil Young","Tonight's The Night (1991 Live LP Version)"
"The Brother Kite","Waiting for the Time to Be Right (Alt. Mix)"
"Taxiride","Get Set"
"Nickelback","We Will Rock You"
"Sonic Youth","Hey Joni"
"The Flower Kings","Grand Old World"
"Linkin Park","Pushing Me Away (Album Version)"
"Evan and Jaron","Done Hangin' On Maybe"
"Grand Champeen","Four Years"
"Brand New","Mix Tape"
"Sonic Youth","Total Trash"
"The Clean","Do Your Thing"
"Airiel","Rainflower"
"New Monsoon","Bridge Of The Gods"
"Donna The Buffalo","Garden Of Eden"
"American Eyes","Day We Died"
"Juliana Hatfield","Rats In the Attic"
"Korn","Right Now"
"Ryan Adams","Avalanche"
"Holly Golightly","An Eye For An Empty Heart"
"Eric Burdon","Hook Of Holland"
"Geggy Tah","Special Someone"
"All Natural Lemon And Lime Flavors","Emergency Turn Off"
"Bumblefoot","Piranha"
"David Gilmour Featuring Richard Wright","Arnold Layne"
"Freddy Cannon","Patty Baby"
"Dubstar","Just A Girl She Said"
"Of Montreal","A Dreamy Day Of Daydreaming Of You"
"The Family Stand","The Education Of Jamie"
"Fito Paez","La Ley De La Vida"
"Dog Day","Gayhorse"
"Adam Green","Emily"
"The Veils","Lavinia"
"Y&T","Black Tiger"
"Swan Lake","All Fires"
"Squeeze","Tempted"
"Legião Urbana","Fabrica"
"Holiday With Maggie","Touched By The Void"
"Barclay James Harvest","River Of Dreams"
"Placebo","Evalia"
"10cc","Don't Hang Up"
"Kings Of Leon","My Party (Kenna Remix)"
"Cobra Killer","Kick Jump - Part Jump"
"Thin Lizzy","Look What The Wind Blew In"
"CALLA","Pete The Killer"
"The Pastels","Different Drum"
"Mother Love Bone","Chloe Dancer/Crown Of Thorns"
"The Old Dead Tree","How Could You ?"
"Jeff Beck Group","Ice Cream Cakes"
"Suzi Quatro","Mama's Boy"
"Eels","Theme For A Pretty Girl That Makes You Believe God Exists"
"Television","Ain't That Nothin' (Remastered Single Version)"
"Nick Cave & The Bad Seeds","She Passed By My Window"
"A Perfect Circle","Passive (Explicit Version)"
"Kings Of Leon","Genius"
"New Radicals","In Need Of A Miracle"
"Buddy Holly","Peggy Sue"
"Fireball Ministry","Under The Thunder"
"Tom McRae","Hummingbird Song"
"The Reign Of Kindo","The Moments In Between"
"Senser","6's & 7's"
"Blur","Lot 105"
"Die Toten Hosen","Der Bofrost Mann"
"Ezra Furman And The Harpoons","We Should Fight"
"Steve Cradock","Running Away"
"Fra Lippo Lippi","Shouldn'T Have To Be Like That"
"Incubus","Just A Phase"
"Camel","Rhayader Alone"
"Arcadium","Riding Alone"
"The Hellacopters","No Angel To Lay Me Away"
"Stone Sour","Through Glass (Album Version)"
"Moneen","How Many Other Girls Are There In The World Anyway?"
"Spiritual Beggars","Sour Stains"
"L7","This Ain't Pleasure"
"Richard Ashcroft","Nature Is The Law"
"Acceptance","So Contagious"
"A Rocket To The Moon","I'm Not Saying Goodbye (Album Version)"
"John Cale","The Second Fortress"
"Nick Cave & The Bad Seeds","Stagger Lee"
"Popol Vuh","Engel der Gegenwart"
"It's A Beautiful Day","Hot Summer Day"
"Ima Robot","Lovers In Captivity"
"The Rattles","Man"
"The Northern Pikes","She Ain't Pretty"
"G.W. McLennan","Things Will Change"
"Victory At Sea","Undesirable"
"The Black Crowes","Sting Me"
"Call the Cops","Motion Sickness"
"Shearwater","On The Death Of The Waters"
"Dwayne Sodahberk","Just Above"
"Nevertheless","Cross My Heart"
"Bobby Fuller Four","Love's Made A Fool Of You (LP Version)"
"Rezurex","Dia De Los Muertos"
"Thirteen Senses","Gone"
"Timid Tiger","Ina Meena Dika (It's Happening Now)"
"Jimmy Thackery And The Drivers","Empty Arms Motel (Live)"
"30 Seconds To Mars","The Mission"
"Grace Gale","La Matanza"
"Kitchens Of Distinction","Airshifting"
"Above The Golden State","Real You"
"Arbouretum","All that Will Be has Become_ All that has Come isn't Gone"
"Dozer","Omega Glory"
"Monkey Swallows The Universe","Statutory Rights"
"Audio Karate","Who Brings A Knife To A Gun Fight"
"Phantom Planet","Big Brat"
"Terrorvision","Desolation Town"
"Euros Childs","Donkey Island"
"Halfway to Gone","Turnpike"
"JFA","Standin' On The Verge (Live)"
"Zolof The Rock & Roll Destroyer","This Was All A Bad Idea"
"Modernettes","Suicide Club (Final Show At Gary Taylor's)"
"Joe Satriani","Just Like Lightnin'"
"Reuben","Scared Of The Police"
"Love Is All","Turn The TV Off"
"Creed","Fear"
"The Barracudas","Summer Fun (Alternative Version)"
"Scary Bitches","Cold Callers"
"Deaf School","What A Way To End It All"
"Deep Purple","Pictured Within"
"Virgin Prunes","Theme For Thought"
"Happoradio","Encore"
"Hell Is For Heroes","Cut Down"
"Billy Idol","Rebel Yell (1999 Digital Remaster)"
"Vivian Girls","Double Vision"
"Supersuckers","Listen Up"
"Midnight Oil","Run By Night"
"Crash Test Dummies","Overachievers"
"Badly Drawn Boy","Is There Nothing We Could Do ? (Reprise)"
"Rickie Lee Jones","Just My Baby"
"Smokie","Little Lucy"
"Robert Palmer","Love Can Run Faster"
"The Heart Throbs","I Wonder Why"
"Steriogram","Fat And Proud"
"Sam Champion","TV Fever"
"Joy Division","Passover"
"The Frantic","Rock & Roll Renegade"
"Devo","Soo Bawlz"
"Molotov","Apocalypshit"
"Saliva","Raise Up"
"The Psychedelic Furs","One More Word"
"Turn Me On Dead Man","Take a Stress Pill"
"Pallas","Rat Racing"
"Calexico","Roka"
"Falling Up","Searchlights"
"Lovehatehero","Amity"
"Forever The Sickest Kids","Becky Starz"
"Jokke med Tourettes","Stopp!"
"Southern Culture On The Skids","Fire Of Love"
"Ben Folds","Army"
"Cream","Steppin' Out"
"Tom Cochrane","Washed Away"
"Downset","Eyes Shut Tight"
"Anberlin","Cadence"
"Sir Douglas Quintet","She's About A Mover"
"Abe Vigoda","Hyacinth Grrls"
"Portugal. The Man","People Say"
"Jon Lord","The Telemann Experiment"
"Get Up Kids","Better Half"
"La Maquina De Hacer Pájaros","Por Probar El Vino Y El Agua Salada"
"Silverchair","The Door"
"Lifehouse","Better Luck Next Time"
"Looking Glass","Brandy (You're A Fine Girl)"
"Concretes","Souvenirs"
"Izzy Stradlin And The Ju Ju Hounds","Train Tracks"
"Tommy Steele","Elevator Rock"
"Teoman","Dus"
"Mazzy Star","Ride It On"
"Barbie Bones","Kaptain Nemo"
"Amplifier","For Marcia"
"Caedmon's Call","There You Go"
"The Woodentops","Everything Breaks"
"Borknagar","Om Hundrede Aar Er Alting Glemt"
"Stephen Lynch","Gay"
"Paul Weller","Science"
"Glass Tiger","No Turning Back"
"Karnivool","Set Fire To The Hive"
"Syd Barrett","If It's In You"
"Noe Venable","Juniper"
"Firehouse","Rock On The Radio"
"Hasil Adkins","She's Mine"
"The Panic Channel","Awake"
"Japan","Ghosts (Live)"
"The Redwalls","On My Way"
"Our Lady Peace","One Man Army"
"The Thrills","Our Wasted Lives"
"Masters of Reality","The Candy Song"
"Junkyard","Fight"
"Neal Schon","My Heart Will Go On"
"The Meteors","When A Stranger Calls"
"The Cure","Cut Here"
"I Nuovi Angeli","Carovana"
"Patti Smith","Wing"
"Saga","Believe"
"The Cribs","The New Fellas"
"CALLA","Sanctify"
"Kansas","When The World Was Young"
"Brenda Holloway","You Can Cry On My Shoulder"
"Twinemen","Harper And The Midget"
"Pedro The Lion","Transcontinental"
"REO Speedwagon","Ridin' The Storm Out"
"Black Mountain","Bicycle Man"
"The Last Shadow Puppets","The Age Of The Understatement"
"The Proclaimers","The Joyful Kilmarnock Blues"
"The Black Keys","Strange Times"
"The Barbarians","Are You A Boy Or Are You A Girl?"
"Meganoidi","Dai pozzi"
"David Bowie","Life On Mars? (1997 Digital Remaster)"
"The Cars","Drive"
"Roxy Music","A Song For Europe"
"Van Halen","Can't Stop Lovin' You (Remastered Album Version)"
"Gemini Five","Lay Your Money Down"
"Shriekback","Running On The Rocks"
"Peter Frampton","Breaking All The Rules"
"Utopia","Magic Dragon Theatre"
"The Ruby Suns","Function Of The Sun"
"Wolfmother","Dimension"
"Suicidal Tendencies","It's Going Down"
"Magic Dirt","The Kiss"
"The Rapture","The Devil"
"Jordan Rudess","Outcast"
"Adam Ant","Friend Or Foe"
"Dr. Hook","Bad Eye Bill"
"Rainbow","Can't Happen Here"
"Super Furry Animals","Father Father #1"
"Biquini Cavadão","Impossivel"
"Voicst","Everyday I Work On The Road"
"T.Rex","The Street And Babe Shadow"
"Heidi Berry","For The Rose"
"Lydia Lunch","Solar Hex"
"Every New Dead Ghost","Not In A Lifetime"
"Black Bonzo","Giant Games"
"Something Corporate","I Won't Make You"
"Skitzo","Beatin' My Drum"
"Carl Perkins","Honky Tonk Gal"
"Renaissance","Northern Lights"
"The Bravery","Public Service Announcement"
"Camel","First Light"
"Tim Finn","Show A Little Mercy"
"That Petrol Emotion","Metal Mystery"
"Candie Payne","In The Morning"
"Be Bop Deluxe","Between The Worlds"
"The Pebbles","The Diner At Midnight"
"Sunshine","Lower than Low"
"P.O.D.","Ya Mama (Palm Springs Demo)"
"Razorlight","Rip It Up"
"The Juliana Theory","This Is Your Life"
"The Besnard Lakes","Life Rarely Begins With Tungsten Film #1"
"The Hunches","A Flower In The Ending"
"Asobi Seksu","Thursday"
"Joe Satriani","Midnight"
"Echobelly","Car Fiction"
"Steve Vai","Brother"
"The Dictators","Baby Let's Twist"
"Honeymoon Suite","Wave Babies"
"Skunk Anansie","It Takes Blood and Guts to Be This Cool But I'm Still Just a Cliche"
"OTT","All Out Of Love"
"Eels","That's Not Really Funny"
"Syd Barrett","Milky Way"
"The Moody Blues","The Story In Your Eyes"
"matchbox twenty","Bent (Remastered Version)"
"The Jimi Hendrix Experience","Gypsy Eyes"
"45 Grave","Party Time"
"Tesla","Gettin' Better"
"The Gants","I'm A Snake"
"Roses Kings Castles","Run And Hide"
"The Ataris","The Hero Dies in This One"
"Procol Harum","Simple Sister"
"The Field Mice","Below The Stars"
"Chris Cornell","Scream"
"Signal The Escape","Exorcism In The ER"
"The Rolling Stones","Around And Around"
"Kansas","Stay Out Of Trouble"
"Santana","Acapulco Sunrise"
"Falling Up","A Guide To Marine Life"
"The Human League","Human"
"Doves","Almost Forgot Myself"
"Spanky & Our Gang","Come And Open Your Eyes (Take A Look)"
"Elephone","The Hemlock Three"
"Cheap Trick","Southern Girls"
"The Meligrove Band","Isle of Yew"
"Finntroll","Kitteldags"
"Tracey Ullman","You Broke My Heart In Seventeen Places"
"The Amber Light","Still going nowhere"
"Pavement","Heaven Is A Truck (Egg Shell)"
"Joan Jett & The Blackhearts","Tulane"
"Ted Nugent","Hibernation"
"Anouk","R U Kiddin' Me"
"The Flaming Stars","A Little Bit Like You"
"Electrelane","At Sea"
"Kansas","Miracles Out Of Nowhere"
"Doves","Friday's Dust"
"Joe Cocker","Just To Keep From Drowning"
"Hassisen Kone","Totuus"
"The Polyphonic Spree","Section 20 (Together We're Heavy)"
"Destrophy","March Of The Dreamless"
"The Doors","Strange Days ( LP Version )"
"Mad Sin","Interceptor"
"Arcade Fire","The Well And The Lighthouse"
"Futureheads","With Every Heartbeat"
"Primus","Pressman"
"Joy Division","Hannett's Lift Recording 1"
"Melissa Etheridge","Your Little Secret"
"Arcade Fire","(Antichrist Television Blues)"
"Equilibrium","Prolog auf Erden"
"Kitchens Of Distinction","Now It's Time to Say Goodbye"
"Pale Saints","A Deep Sleep For Steven"
"The Hives","Outsmarted"
"Bosse","Kraft"
"1200 Micrograms","The Mayans"
"Bridges and Powerlines","Floods and Fields"
"Backyard Babies","Be Myself And I"
"Donavon Frankenreiter","So Far Away"
"Eric Clapton","Hello Old Friend"
"White Lion","Broken Heart"
"Protokoll","Moving Forward"
"IV Thieves","The Sound and The Fury"
"Camera Obscura","If Looks Could Kill"
"Rise Against","Intro/Chamber The Cartridge"
"Jennifer Warnes","Right Time Of The Night"
"Radiohead","The National Anthem"
"John Vanderslice","D.I.A.L.O."
"We Are Wolves","T.R.O.U.B.L.E"
"Ester Drang","Everyone is a Victim"
"Emiliana Torrini","Easy In the Rain (Acoustic)"
"Slowdive","40 Days"
"Patrick Watson","Down At The Beach"
"Incubus","Warning"
"Juliette & The Licks","Shelter Your Needs"
"Genesis","Dusk (Demo 1969)"
"Bob Mould","Again And Again"
"Santana","Let It Shine"
"Teenage Fanclub","The World'll Be OK"
"Bruce Springsteen","Waitin' On A Sunny Day"
"Polecats","Big Green Car"
"AFI","Summer Shudder"
"Willy Mason","When The Leaves Have Fallen"
"General Fiasco","Ever So Shy"
"Incubus","Follow (1st Movement Of The Odyssey)"
"Tokyo Sex Destruction","You Gotta Do It"
"Babyshambles","UnBiloTitled"
"The Vapors","Isolated Case"
"The String Cheese Incident","Rhythm of the Road"
"Animal Kingdom","Mephistopheles"
"Little Richard","Rip It Up"
"Marillion","Emerald Lies (Demo)"
"Widespread Panic","Disco"
"The Young Knives","Another Hollow Line"
"Rufio","She Cries"
"America","Sandman"
"Mammatus","The Changing Wind"
"Sleeper","Vegas"
"The Brought Low","Hail Mary"
"The Ark","Disease"
"Butthole Surfers","Ulcer Breakout"
"Nick Heyward","Believe In Me"
"Dave Edmunds","Standing At The Crossroads"
"Autoramas","Mundo moderno"
"Astrovamps","Monsters In Tinsel Town"
"Modernettes","Celebrity Crackup (Teen City EP)"
"Ian Gillan","Wasted Sunsets"
"Blue Cheer","Honey Butter Lover"
"Ted Nugent","Dog Eat Dog"
"Arab Strap","The Drinking Eye"
"Cast","Sandstorm"
"The Gufs","Last Goodbye"
"Eagles","Last Good Time In Town"
"Blindside","After You're Gone (Album Version)"
"DAVE MATTHEWS BAND","The Space Between"
"Vincent Vincent And The Villains","Cinema"
"I'm From Barcelona","Chicken Pox"
"Johnny Foreigner","The End And Everything After"
"Wilco","Kicking Television"
"Fuel","The Name Is..."
"Steve Cradock","Something Better"
"Radiohead","Stop Whispering (US Version)"
"Asobi Seksu","Goodbye"
"Jan & Dean","Baby Talk"
"Ekhymosis","Solo"
"REO Speedwagon","Shakin' It Loose"
"Aerosmith","On The Road Again"
"Coparck","Just When Nothing Seems To Happen"
"Sydän_ sydän","Hirviö"
"Audioslave","Drown Me Slowly"
"Nine Inch Nails","Closer"
"Sunset Rubdown","The Taming of the Hands that Came Back to Life"
"Patrick Wolf","Prelude"
"Jesus And Mary Chain","Sidewalking"
"Danko Jones","We Sweat Blood"
"Modern Lovers","She cracked"
"Spin Doctors","Yo Mamas A Pajama"
"Santa Sabina","Mar Adentro En La Sangre"
"Tea Leaf Green","The Garden (Part III)"
"The Everly Brothers","That Silver Haired Daddy Of Mine"
"Thrice","The Earth Will Shake"
"Graham Coxon","Sorrow's Army"
"Ours","Disaster In A Halo"
"Herman Brood & His Wild Romance","I Hate Myself"
"Eric Burdon","Ghetto Child"
"Arctic Monkeys","Dancing Shoes"
"Dungen","Målerås finest"
"H-Blockx","Selfconversation"
"Voice Of The Beehive","Playing House"
"Soltero","Songs Of The Season"
"Department S","Fighting Irish"
"Trespassers William","Intro"
"Joe Walsh","Happy Ways"
"The Court & Spark","Witch Season"
"Matt Wertz","In On A Whim"
"David Readman","Gentle Touch"
"Seals and Crofts","When I Meet Them"
"Gilgamesh","Arriving Twice"
"The Floor Is made Of Lava","IKEA Did A Job On You"
"The Go-Go's","How Much More"
"Over The Rhine","My Funny Valentine"
"Jennifer Rostock","Himalaya"
"Captain Tractor","Maria's Last Words"
"Shed Seven","Eyes Before"
"Justin Currie","Everyone I Love"
"Faith No More","Collision"
"Rainbow","Rainbow Eyes"
"Janis Joplin","Down On Me"
"Millencolin","Stalemate"
"Joy Division","A Means To An End [Live at Birmingham University] [2007 Re-mastered]"
"Brand New","Failure by Design"
"Elvis Presley","I Got a Woman"
"Matt Nathanson","Little Victories"
"Eagles","I Don't Want To Hear Any More"
"Red Rider","Caught In The Middle"
"Platero Y Tu","Desertor"
"Ian Hunter","Dancing On The Moon"
"The Vapors","Spring Collection"
"Grand Archives","Witchy Park/Tomorrow Will (Take Care Of Itself)"
"Ryan Adams","Wonderwall"
"Pursuit Of Happiness","Killed By Love"
"Frantic Flintstones","What the hell"
"Alejandro Escovedo","The Boxing Mirror"
"Reckless Love","Badass"
"The Notwist","Gone Gone Gone"
"Pop Will Eat Itself","Eat Me Drink Me Love Me Kill Me"
"The Woggles","It's Too Late"
"Magazine","Parade (Live)"
"David Sylvian","A Brief Conversation Ending In Divorce"
"Gonga","Untitled No. 3"
"The Cranberries","The Concept"
"Modernettes","Confidential (Teen City EP)"
"Joy Zipper","Go Tell The World"
"Editors","Munich"
"The Tea Party","Silence"
"Bruce Peninsula","2nd 4th World War"
"Placebo","The Never-Ending Why"
"Moby Grape","Hey Grandma"
"Violent Femmes","Fool In The Full Moon"
"Mamonas Assassinas","La Vem O Alemao"
"Jade Warrior","Quba"
"Kings Of Leon","Day Old Blues"
"Menomena","Running"
"VAST","I Don't Have Anything"
"Foo Fighters","Next Year"
"ANDY TIMMONS","Groove Or Die"
"Magic Pie","Full Circle Poetry"
"Starship","Girls Like You"
"The Mae Shi","Revelation Three"
"Zen Café","Moi"
"The Brought Low","Vernon Jackson"
"Siouxsie And The Banshees","Partys Fall"
"Ac Acoustics","Stunt Girl"
"The Cribs","Victim Of Mass Production"
"The Feelies","The Boy With The Perpetual Nervousness"
"Television","This Tune"
"2 Minutos","Como Caramelo De Limón"
"Gene","Little Child"
"Adam & The Ants","Animals And Men"
"Four Day Hombre","Flame"
"Andy Starr","Round And Round"
"Stellastarr*","Love And Longing"
"Soul Coughing","Circles"
"Ween","Tried And True"
"Engenheiros Do Hawaii","Somos Quem Podemos Ser"
"Kula Shaker","Into The Deep"
"Ed Harcourt","Those Crimson Tears"
"The Goo Goo Dolls","Name [New Version]"
"Tender Trap","Ampersand"
"38 Special","Caught Up In You"
"Sebadoh","Gimmie Indie Rock"
"The String Cheese Incident","Search"
"Hughes Turner Project","Fade Away"
"Mice Parade","Man On The Beach In Brazil"
"Freshman 15","Count On It"
"Ida Maria","In The End"
"Bill Haley & The Comets","Rip It Up"
"Luxuria","Beast Box"
"Ian Dury & The Blockheads","Hit Me With Your Rhythm Stick"
"The All-American Rejects","Bite Back"
"Indochine","L'Opportuniste"
"Vox Dei","A Nadie Le Interesa Si Quedás Atrás (Total Que...)"
"The Chills","There Is No Point In Trying"
"Acid Mothers Temple","Vishnu and the Magic Elixir"
"Sounds Like Violence","Nothing"
"Tune-Yards","Little Tiger"
"Monkey3","One of These Days"
"Shakin' Stevens","Feel The Need In Me"
"Galaxie 500","Them"
"Silver","Any Road"
"The Poison Control Center","Ramona"
"The Mars Volta","Eriatarka"
"Deadsy","The Key To Gramercy Park"
"Wesley Willis","Outburst"
"The Breeders","Opened"
"Eels","My Beloved Monster"
"Living Colour","Nothingness"
"Kristet Utseende","Självmordsbombare För Frälsningsarmén"
"Toto","Live For Today"
"Public Image Ltd","The Suit"
"The Weakerthans","Sun in an Empty Room (Cd)"
"Piebald","We Cannot Read Poetry"
"Kasabian","Empire"
"Mink DeVille","Heaven Stood Still"
"Masters of Reality","Kill The King"
"Bandabardò","Viva la campagna"
"Slaughter","Tales Of The Macabre"
"38 Special","Twentieth Century Fox"
"Smile Empty Soul","Refill Me"
"Finger Eleven","Sad Exchange"
"Steve Vai","Fire"
"Altered Images","Bring Me Closer"
"Cactus","Parchman Farm (LP Version)"
"T.Rex","Metal Guru"
"Lotus","Hammerstrike"
"The Zombies","Care Of Cell 44"
"Altered Images","Forgotten"
"Arctic Monkeys","From The Ritz To The Rubble"
"Simon Says","Suddenly the Rain"
"Parni Valjak","Dok je tebe"
"Lionel Richie","Don't Stop"
"Jorn","Big"
"Spooky Tooth","Evil Woman"
"Ultra Vivid Scene","Winter Song"
"Pearl Jam","MFC"
"The Lodger","A Hero's Welcome"
"Madrugada","The Frontman"
"Cracker","Dr. Bernice"
"Thingy","My Room Has a T.V"
"The Jazz Butcher","Marnie (Muscovite Mix)"
"Boston","The Journey"
"Bettie Serveert","Recall"
"The Mars Volta","Take The Veil Cerpin Taxt"
"The Mother Hips","Time-Sick Son of a Grizzly Bear"
"Toto","Goodbye Elenore"
"The Black Crowes","Ballad In Urgency"
"Neil Innes","Come Out Into The Open"
"Televise","This Is Where..."
"Jackie Brenston & His Delta Cats","Rocket '88'"
"New Order","Sub-culture"
"The Police","Deathwish"
"Primus","Duchess And The Proverbial Mind Spread"
"Andrew W.K.","Long Live The Party"
"Thomas Dolby","Screen Kiss"
"Jacques Higelin","Quand j'improvise sur mon piano"
"Nine Black Alps","Shot Down"
"La Frontera","El Limite"
"24-7 Spyz","Break The Chains"
"Ornatos Violeta","Bigamia"
"Dealership","I Don't Want Your Love"
"The Smashing Pumpkins","Rocket"
"Augustana","Fire"
"Inara George","Greedy"
"Sniff 'n' The Tears","Driver's Seat"
"Albert Hammond Jr.","101"
"Biffy Clyro","Who's Got A Match?"
"The Offspring","Feelings"
"Ozzy Osbourne","Devil's Daughter (Holy War)"
"Arbouretum","I am a Somnabulist"
"Mando Diao","Annie's Angle"
"John Lennon","Come Together (Live)"
"Sad Lovers & Giants","Imagination"
"The Youngbloods","Euphoria"
"Tyrannosaurus Rex","By The Light Of The Magical Moon"
"The Dolly Rocker Movement","Call All Angels"
"David Crosby","What Are Their Names (LP Version)"
"Traffic","Heaven Is In Your Mind"
"Hot Club De Paris","Hey Housebrick"
"The Troggs","Feels Like a Woman"
"Roxy Music","Mother Of Pearl"
"Blue Oyster Cult","This Ain't The Summer Of Love"
"Eric Burdon","Motorcycle girl"
"Mazzy Star","Ghost Highway"
"Clyde McPhatter","Honey Love"
"Neal Schon","Why"
"Dan Hicks & His Hot Licks","Where's The Money?"
"Patti Smith","Lo and Beholden"
"Wire Daisies","Make Everything Change"
"Dave Edmunds","I Knew The Bride"
"Gravenhurst","The Collector"
"Johnny Hallyday","Blue Suede Shoes"
"The Yardbirds","I'm Not Talking"
"Pride Of Lions","The Gift Of Song"
"Gene Vincent","It's No Lie"
"Radiohead","Bullet Proof ... I Wish I Was (Acoustic)"
"Los Rodriguez","Peor Es Nada"
"Happy The Man","Shadowlites"
"Atlanta Rhythm Section","Imaginary Lover"
"Dozer","Speeder"
"Ismo Alanko Säätiö","T"
"Godley & Creme","Brazilia (Wish You Were Here)"
"Mojo Nixon","Feeling Existential"
"Papa Roach","Dead Cell"
"Maria Peszek","Pieprze Cie Miasto"
"HELLBILLYS","Blast Off"
"Times New Viking","Call & Respond"
"The Dolly Rocker Movement","Will I See My Star"
"30 Seconds To Mars","Hunter"
"Eddie Money","Runnin' Away"
"Belle and Sebastian","Like Dylan In The Movies"
"Mando Diao","All My Senses"
"Taking Back Sunday","Spin (Album Version)"
"Satan's Pilgrims","Devil's Punchbowl"
"Joel Alme","On This Night Of Loving Arms"
"Absynthe Minded","I'll Be Alright"
"Martin Orford","The Final Solution"
"Stars","Sleep Tonight"
"Two Gallants","Despite What You've Been Told"
"Daughtry","It's Not Over"
"Warren Smith","So Long_ I'm Gone"
"Selig","Popstar"
"Bob Evans","Ode To My Car"
"Mindflayer","Mud Lazer Lazy Lazers"
"Madrugada","Ice - 9"
"Opiate For The Masses","21st Century Time Bomb"
"12 Stones","Adrenaline"
"Bow Wow Wow","C30 C60 C90 Go"
"Batmobile","Mystery street"
"Sam Roberts","Uprising Down Under"
"Gazpacho","Beach House"
"Rooney","Get Away"
"Twisted Charm","Socialite"
"Hollywood Undead","Pimpin'"
"The Makers","The Story Of You And I"
"Jonezetta","Burn It Down!"
"Bertie Higgins","Key Largo"
"Forensics","Crappy Shop (50 Cent Diss Track)"
"The Cranberries","Yeats' Grave"
"Engenheiros Do Hawaii","O Preço"
"Delays","Valentine"
"Heatmiser","Don't Look Down"
"Kiss","Domino"
"Aerosmith","Dude (Looks Like A Lady)"
"Pia Fraus","Moon Like A Pearl"
"Mercury Rev","Trickle Down"
"Liquido","Gameboy"
"Saliva","Greater Than Less Than"
"Richard Hawley","Sunflower"
"Alabama 3","Up Above My Head"
"Travis","Coming Around"
"Dance With A Stranger","Everyone Needs A Friend"
"The Police","Voices Inside My Head"
"Badly Drawn Boy","Epitaph"
"Counting Crows","Mr. Jones"
"Wanda Jackson","Let's Have A Party"
"The Honorary Title","Everything I Once Had"
"Billy Squier","My Kinda Lover"
"Elbow","Scattered Black and Whites"
"Further Seems Forever","A New Desert Life"
"Bruce Springsteen","My Best Was Never Good Enough"
"The Automatic","This Ship"
"Donavon Frankenreiter","Hit The Ground Running"
"Syd Barrett","She Took A Long Cold Look"
"Chuck Berry","Maybelline"
"Afterhours","Ci Sono Molti Modi"
"O Terco","Hey Amigo"
"Helix","Heavy Metal Love"
"Joe Strummer","Coma Girl"
"Farewell","Sing_ Baby"
"Heart","Make Me"
"Scout Niblett","Where Are You?"
"Lonnie Donegan","Gamblin' Man"
"STEVE TAYLOR","Harder To Believe Than Not To"
"Lightspeed Champion","Back To Black"
"Scott Matthews","Underlying Lies"
"Crash Test Dummies","Pissed With Me"
"prinzhorn dance school","You Are The Space Invader"
"Celelalte Cuvinte","Www"
"Rainbow","Still I'm Sad"
"Robert Palmer","Looking For Clues"
"Bryan Ferry","Going Down"
"Kashmir","Prawn's Blues"
"Honeymoon Suite","Bad Attitude"
"Hanoi Rocks","Walkin' Away"
"White Rose Transmission","Unkissable"
"Eyes Set to Kill","Liar in the Glass"
"Quicksand","Head To Wall"
"The Ghost of A Thousand","Married To The Sidewalk"
"Screaming Trees","Make My Mind"
"Aereogramme","Inkwell"
"Renaissance","Dear Landseer"
"Sparks","Barbecutie"
"John Mayer","Who Did You Think I Was"
"REO Speedwagon","Good Trouble"
"Cocorosie","The Moon Asked The Crow"
"The Almost","Books & Books"
"UNKLE / Ian Brown","Be There"
"Doro","Hard Times"
"Roy Montgomery","In Our Own Time"
"Fountains Of Wayne","Janice's Party"
"Roger Hodgson","Land Ho"
"REO Speedwagon","Son Of A Poor Man"
"Kaleidoscope","Dive Into Yesterday"
"Matthew Ryan","Love Is The Silencer"
"Jeff Buckley","Grace"
"New London Fire","Different"
"Chrome Division","When The Shit Hits The Fan"
"Bob Dylan","Ye Shall Be Changed"
"Anathema","Childhood Dream"
"Blood_ Sweat & Tears","I Love You More Than Ever"
"Sahara Hotnights","With Or Without Control"
"Airiel","Sharron Apple"
"Lita Ford & Ozzy Osborne","Close My Eyes Forever"
"3 Colours Red","Beautiful Day"
"Heart","Voodoo Doll"
"Gaunt","Jim Motherfucker"
"Cat Stevens","Banapple Gas"
"Dax Riggs","Night is the Notion"
"Inchtabokatables","Black Miner"
"The Dismemberment Plan","The Small Stuff"
"Roky Erickson","The interpreter"
"Arcadia","Election Day"
"Pure Reason Revolution","Deus Ex Machina"
"On Trial","Slippin' And Slidin'"
"Fire Engines","Get Up and Use Me"
"O'Death","Jesus Look Down"
"Grant Hart","You're the Reflection of the Moon on the Water"
"Nik Kershaw","Shame On You"
"Television","Venus (Remastered LP Version)"
"Sidney Polak","OTWIERAM WINO FEAT. PEZET"
"Suzi Quatro","Kids Of Tragedy"
"The Dears","No Cities Left"
"The Cranberries","What's On My Mind"
"Brainticket","Jardins"
"Mr. Big","To Be With You"
"In Case Of Fire","Enemies"
"Velvet Revolver","Let It Roll"
"Alice Cooper","I'm Your Gun"
"The Feelies","The Good Earth"
"Bottom Of The Hudson","One of Us"
"Cheap Trick","Tonight It's You"
"This Is Hell","RECKLESS"
"Riverside","Embryonic"
"The Yardbirds","I'm A Man"
"Stray Cats","Rebels Rule"
"The Tea Party","Inanna"
"Delays","Too Much In Your Life"
"311","Feels So Good"
"Nada Surf","The Fox"
"Darker My Love","E"
"The Killers","When You Were Young"
"Dungen","Andra Sidan Sjön"
"The Young Knives","Dialing Darling"
"Richard Hawley","Danny"
"Eels","I Write The B-Sides"
"The Detachment Kit","Dead Angels Make Slow Sound"
"Vanity Fare","Early In The Morning"
"Blonde Redhead","SW"
"Russ Ballard","Voices"
"Andrew Gold","Lonely Boy"
"Procol Harum","Luskus Delph"
"Donavon Frankenreiter","It Don't Matter"
"La Buena Vida","Calles y Avenidas"
"Hard-Ons","Do It With You"
"Mojo Nixon","Legalize It"
"Cat Power","Great Expectations"
"Fu Manchu","El Busta"
"Pipes You See_ Pipes You Don't","Ten Thousand Years Old"
"Blur","Chemical World"
"Josef K","Revelation"
"Ac Acoustics","Kill Zane"
"Catherine Wheel","Tongue Twisted"
"The Bloodsugars","Light At The End Of The Tunnel"
"Alan Parsons","Call Up"
"Ringo Starr","Snookeroo"
"Miossec","Que Devient Ton Poing Quand Tu Tends Les Doigts"
"The Cure","Lost"
"K's Choice","A Sound That Only You Can Hear"
"Civil Twilight","Run Dry"
"The Police","Man In A Suitcase"
"The Detroit Cobras","Midnight Blues"
"Hatfield And The North","The Stubbs Effect"
"Wolfhounds","Son of Nothing"
"The Long Blondes","Century"
"The Apples In Stereo","Nobody But You"
"Oasis","Columbia"
"Jorge Salan","Faith"
"OMD","Enola Gay"
"Apples In Stereo","Can You Feel It?"
"Straylight Run","Hands In The Sky (Big Shot) (Single Version)"
"Morningwood","Televisor"
"Toto","Africa"
"Delaney & Bonnie And Friends","Only You Know And I Know"
"Timo Räisänen","Turn 27"
"Revolver","I Wear Your Chain (Screaming Mix)"
"Alice In Chains","God Smack"
"The Mary Onettes","R.U.N."
"Belly","Gepetto"
"Phil Manzanera","Listen Now"
"Empty Trash","Romance"
"Silversun Pickups","Lazy Eye [Jimmy Tamborello Accordion Mix]"
"Bruce Springsteen","Rosalita (Come Out Tonight)"
"Aereogramme","Conscious Life For Coma Boy"
"Ozric Tentacles","Slinky"
"The Doors","When The Music's Over ( LP Version )"
"Sparks The Rescue","Saco Boys Have No Class"
"The Detroit Cobras","Just Can't Please You"
"UnsraW","Starving Moon"
"El Presidente","Turn This Thing Around"
"Pavement","Folk Jam"
"Wanda Jackson","Rip It Up"
"Secret Shine","Beyond Sea and Sky"
"Mogwai","Local Authority"
"David Lee Roth","Shoo Bop"
"glisten","Choose Me"
"The Yardbirds","Over Under Sideways Down"
"Joan As Police Woman","Stagger Into The Night"
"American Music Club","The Sleeping Beauty"
"Country Joe & The Fish","Porpoise Mouth"
"Twisted Charm","Happy Alone"
"Blyth Power","Mary's Mad Army"
"Os Mutantes","A Minha Menina"
"Cazals","A Big Mistake"
"Devo","The 4th Dimension (LP Version)"
"Afterhours","Sui Giovani D'Oggi Ci Scatarro Su"
"The Pernice Brothers","Saddest Quo"
"David Kitt","Grey Day"
"Cherry Ghost","Mountain Bird"
"Rush","New World Man"
"Jack Johnson","Monsoon"
"Dick Dale","Yours"
"The Buff Medways","Times Up"
"It's A Beautiful Day","Bulgaria"
"Rick Springfield","Celebrate Youth"
"10cc","Woman In Love"
"Screaming Trees","Julie Paradise"
"Brian Borcherdt","Monumental"
"Subsonica","Abitudine"
"Scars On Broadway","Stoner-Hate"
"The Plimsouls","I Want You Back"
"The Human League","Money"
"Daniel Johnston","Desperate Man Blues"
"Mantus","Spiegelwelt"
"The Dead Weather","So Far From Your Weapon"
"Scanners","Lowlife"
"Morrissey","I Know Very Well How I Got My Name"
"Poco","Just For Me And You"
"Kaiser Chiefs","Everyday I Love You Less and Less"
"Poundhound","Love"
"Scorpions","In Trance"
"Lymbyc Systym","Selamat Pagi (Donna's Song)"
"Aphrodite's Child","Break"
"Arcade Fire","Haiti"
"Monty Are I","In This Legacy"
"The Cult","Gimmick"
"Frog Eyes","Bells In The Crooked Port"
"Edgewater","Neglected"
"The Birds","No Good Without You"
"Robert Forster","The Evangelist"
"Jorn","Burning Chains"
"Jimmy Eat World","Futures"
"Mercury Rev","Sudden Ray Of Hope"
"Greenwheel","Drowning Man"
"Blink-182","Asthenia"
"Pursuit Of Happiness","She's So Young"
"Traffic","Paper Sun"
"The Smashing Pumpkins","Rotten Apples"
"Elf","Sit Down Honey (Everything Will Be Alright)"
"The Awesome Machine","Used To Be"
"Norman Greenbaum","Spirit In The Sky"
"Beardfish","The Downward Spiral/Chimay"
"No Doubt","Ex-Girlfriend"
"Lo-Pro","Not Me"
"Vaux","Set It To Blow"
"Rooney","Jump In My Bed"
"Steve Winwood","Someone Like You"
"Kane","All I Can Do"
"The Cloud Room","Devoured In Peace"
"The Plimsouls","Women"
"Alexisonfire","Mailbox Arson"
"David Sylvian","Midnight Sun"
"Steel Pole Bath Tub","Soul Cannon"
"Pat Travers","Snortin' Whiskey"
"Mondo Generator","All I've Got"
"Steve Miller Band","The Joker"
"The Futureheads","Hounds Of Love"
"Cowboy Mouth","Jenny Says"
"Great White","House Of Broken Love (2001 Digital Remaster)"
"Badly Drawn Boy","The Blossoms"
"BoDeans","You Don't Get Much"
"Alice Cooper","Might As Well Be On Mars"
"Foo Fighters","Still"
"Brian Setzer","When The Bells Don't Chime (Banjo Mix)"
"Vixen","American Dream"
"Elvis Presley","I Dont Care If The Sun Dont Shine"
"Brighter","Maybe"
"Axel Rudi Pell","In the air tonight"
"Sivert Høyem","Black Box"
"Wishbone Ash","Blowin' Free"
"Psychic Ills","Red-Split"
"Good Shoes","Ice Age"
"The Clientele","Haunted Melody"
"Sam Isaac","Sideways"
"Cartel","Georgia"
"Language of Flowers","You're the One"
"My Bloody Valentine","All I Need"
"Fall Out Boy","I Don't Care"
"Garbage","Nobody Can Win"
"Bad Company","Simple Man"
"Queens Of The Stone Age","Suture Up Your Future"
"Tenth Avenue North","Strong Enough To Save"
"Godsmack","Good Times_ Bad Times"
"Twelfth Night","Blondon Fair"
"Highspire","Slowbeat"
"Helmet","Tic"
"Sport","Newton"
"Lynyrd Skynyrd","Don't Ask Me No Questions"
"Foo Fighters","Overdrive"
"Michael Stanley Band","Chemistry"
"Cream","Sweet Wine"
"Elefant","Tonight Let's Dance"
"Mötley Crüe","Hell On High Heels"
"Every Avenue","Days Of The Old (Album)"
"Pretty Maids","Heartbeat From Heaven"
"Carpark North","There's A Place"
"Heatmiser","Candyland"
"Billy Idol","Shangrila"
"John Mayer","Comfortable"
"Get Well Soon","Seneca's Silence"
"The Offspring","Get It Right"
"Roses Kings Castles","Horses"
"Airiel","World Cup"
"The Idle Race","The Lady Who Said She Could Fly"
"Enchant","King"
"Black Crowes","(Only) Halfway To Everywhere"
"Joe Walsh","Rocky Mountain Way [Tribute Concert]"
"The Fixx","Going Overboard"
"Jonah Matranga","Tides"
"Dirty Pretty Things","Tired Of England"
"Peggy Sue","Yo Mama"
"Elvis Presley","Love Me Tender"
"Steve Vai","Still My Bleeding Heart"
"A Sunny Day In Glasgow","Lists_ Plans"
"It Bites","Fahrenheit"
"Blonde Redhead","Falling Man"
"Befour Three O'Clock","Minuet"
"Faces","Stay With Me"
"Electric Boys","Rags To Riches"
"The Faint","Machine In The Ghost"
"Böhse Onkelz","Immer auf der Suche"
"Utopia","Hiroshima"
"Jukka Tolonen","Childrens' Song"
"Throwing Muses","City Of The Dead"
"Kitchens Of Distinction","Railwayed"
"Naked Lunch","Yeah Pop Doll"
"Flickerstick","Coke (Live)"
"Rufus Wainwright","Little Sister"
"38 Special","Rockin' Into The Night"
"Cro-Mags","See The Signs"
"I Am Ghost","This is Home"
"Louise Attaque","Comme on a dit"
"Badly Drawn Boy","Bewilder"
"Edison Lighthouse","Love Grows (Where My Rosemary Goes)"
"Glenn Mercer","Get It Back"
"The Hives","Dead Quote Olympics"
"Violet Indiana","Busted"
"Ultimate Fakebook","Soaked In Cinnamon"
"Belle and Sebastian","I Could Be Dreaming"
"The Wrens","Destruction / Drawn"
"Sugarplum Fairy","Never Thought I'd Say That It's Alright"
"Molly Hatchet","Rolling Thunder"
"The Acorn","Plateau Ramble"
"Bay City Rollers","Wouldn't You Like It"
"Rush","Entre Nous"
"Jeff Beck & The Big Town Playboys","Lotta Lovin'"
"Adam & The Ants","The Human Beings"
"The Ghastly Ones","Surfin' Spooks"
"Peter Frampton","Show Me The Way"
"Slash's Snakepit","I Hate Everybody (But You)"
"Theory Of A Deadman","What's Your Name"
"Carbon Leaf","Attica's Flower Box Window"
"Shearwater","Landscape At Speed"
"Atlanta Rhythm Section","Champagne Jam"
"Guano Apes","Pretty In Scarlet"
"Argent","Be Glad"
"Sugarbomb","Posterchild for Tragedy"
"Jeff Beck","Head For Backstage Pass"
"Paint it Black","Four Simple Steps To Total Life Satisfaction"
"Flamin' Groovies","Carol"
"Auf Der Maur","Taste You"
"Syd Barrett","Golden Hair"
"Billy Idol","Mony Mony (Live)"
"Low","Tonight"
"Sick Puppies","Deliverance"
"Gomer Pyle","Drawback"
"The Real Kids","Better Be Good"
"Boys Like Girls","Learning To Fall"
"Virgin Prunes","Caucasian Walk"
"Frenzal Rhomb","Who'd Be A Cop?"
"Eastern Lane","Holy Arms"
"Blink-182","All Of This"
"Alamo Race Track","Speed Up"
"The Doors","The End"
"Patti Scialfa","Rainy Day Man"
"Magnapop","Snake"
"The Dykeenies","The Panic"
"Hoobastank","Never Saw It Coming"
"Lustans Lakejer","Begärets dunkla mål"
"Radiohead","Fast-Track"
"Matmatah","Ribette's"
"No Te Va Gustar","Padre de la Patria"
"Meteors","Baby's Got a Flame Thrower"
"Chrome Division","Let's Hear It"
"Dark Captain Light Captain","Circles"
"Puller","#1 Fan"
"Louise Attaque","La valse"
"ALO (Animal Liberation Orchestra)","Waiting For Jaden"
"The Earlies","Dead Birds"
"Thrushes","Into The Woods"
"Muse","Can't Take My Eyes Off You"
"Status Quo","Hound Dog"
"Tiger Lillies","Motor Car"
"The Rolling Stones","Continental Drift"
"Cat Stevens","I See A Road"
"Texas","Return"
"New Trolls","Giga"
"Of Montreal","Penelope"
"Escape The Fate","Harder Than You Know"
"Jimmy Eat World","Blister"
"Turbonegro","Sell Your Body (To The Night)"
"Moderatto","No Hay Otra Manera"
"Evan Dando","The same thing you thought hard about is the same part I can live without"
"Portastatic","Silver Screw"
